-- MySQL dump 10.14  Distrib 5.5.60-MariaDB, for Linux (x86_64)
--
-- Host: localhost    Database: framadate
-- ------------------------------------------------------
-- Server version	5.5.60-MariaDB

/*!40101 SET @OLD_CHARACTER_SET_CLIENT=@@CHARACTER_SET_CLIENT */;
/*!40101 SET @OLD_CHARACTER_SET_RESULTS=@@CHARACTER_SET_RESULTS */;
/*!40101 SET @OLD_COLLATION_CONNECTION=@@COLLATION_CONNECTION */;
/*!40101 SET NAMES utf8 */;
/*!40103 SET @OLD_TIME_ZONE=@@TIME_ZONE */;
/*!40103 SET TIME_ZONE='+00:00' */;
/*!40014 SET @OLD_UNIQUE_CHECKS=@@UNIQUE_CHECKS, UNIQUE_CHECKS=0 */;
/*!40014 SET @OLD_FOREIGN_KEY_CHECKS=@@FOREIGN_KEY_CHECKS, FOREIGN_KEY_CHECKS=0 */;
/*!40101 SET @OLD_SQL_MODE=@@SQL_MODE, SQL_MODE='NO_AUTO_VALUE_ON_ZERO' */;
/*!40111 SET @OLD_SQL_NOTES=@@SQL_NOTES, SQL_NOTES=0 */;

--
-- Current Database: `framadate`
--

CREATE DATABASE /*!32312 IF NOT EXISTS*/ `framadate` /*!40100 DEFAULT CHARACTER SET utf8mb4 COLLATE utf8mb4_unicode_ci */;

USE `framadate`;

--
-- Table structure for table `fd_comment`
--

DROP TABLE IF EXISTS `fd_comment`;
/*!40101 SET @saved_cs_client     = @@character_set_client */;
/*!40101 SET character_set_client = utf8 */;
CREATE TABLE `fd_comment` (
  `id` int(11) unsigned NOT NULL AUTO_INCREMENT,
  `poll_id` varchar(64) NOT NULL,
  `name` varchar(64) DEFAULT NULL,
  `comment` text NOT NULL,
  `date` timestamp NOT NULL DEFAULT CURRENT_TIMESTAMP,
  PRIMARY KEY (`id`),
  KEY `poll_id` (`poll_id`)
) ENGINE=InnoDB AUTO_INCREMENT=5 DEFAULT CHARSET=utf8;
/*!40101 SET character_set_client = @saved_cs_client */;

--
-- Dumping data for table `fd_comment`
--

LOCK TABLES `fd_comment` WRITE;
/*!40000 ALTER TABLE `fd_comment` DISABLE KEYS */;
INSERT INTO `fd_comment` VALUES (1,'splatterflix','donnie','I may be able to take Friday off from work all together and see some movies then, but I probably will not if no one else can go during day Friday.','2018-09-17 13:04:16'),(2,'splatterflix','wes','At this time, wes will be unavailable Saturday. May be available Sunday afternoon/evening but not sure.','2018-09-17 13:05:50'),(3,'nextmovienightSepOct2018','donnie','Splatterflix is Fri 10/12 and Sat 10/13, however since Wes is near Tarl+Steph+Donnie that Sat, maybe we could have movie night that Sat night if none of us go to Splatterflix that evening?','2018-09-17 15:58:48'),(4,'switchonline','vladimir','Это звучит неплохо!','2018-09-17 19:44:43');
/*!40000 ALTER TABLE `fd_comment` ENABLE KEYS */;
UNLOCK TABLES;

--
-- Table structure for table `fd_framadate_migration`
--

DROP TABLE IF EXISTS `fd_framadate_migration`;
/*!40101 SET @saved_cs_client     = @@character_set_client */;
/*!40101 SET character_set_client = utf8 */;
CREATE TABLE `fd_framadate_migration` (
  `id` int(11) unsigned NOT NULL AUTO_INCREMENT,
  `name` text NOT NULL,
  `execute_date` timestamp NOT NULL DEFAULT CURRENT_TIMESTAMP,
  PRIMARY KEY (`id`)
) ENGINE=MyISAM AUTO_INCREMENT=13 DEFAULT CHARSET=utf8;
/*!40101 SET character_set_client = @saved_cs_client */;

--
-- Dumping data for table `fd_framadate_migration`
--

LOCK TABLES `fd_framadate_migration` WRITE;
/*!40000 ALTER TABLE `fd_framadate_migration` DISABLE KEYS */;
INSERT INTO `fd_framadate_migration` VALUES (1,'Framadate\\Migration\\From_0_0_to_0_8_Migration','2018-09-17 00:00:32'),(2,'Framadate\\Migration\\From_0_8_to_0_9_Migration','2018-09-17 00:00:32'),(3,'Framadate\\Migration\\AddColumn_receiveNewComments_For_0_9','2018-09-17 00:00:32'),(4,'Framadate\\Migration\\AddColumn_uniqId_In_vote_For_0_9','2018-09-17 00:00:32'),(5,'Framadate\\Migration\\AddColumn_hidden_In_poll_For_0_9','2018-09-17 00:00:32'),(6,'Framadate\\Migration\\AddColumn_ValueMax_In_poll_For_1_1','2018-09-17 00:00:32'),(7,'Framadate\\Migration\\Generate_uniqId_for_old_votes','2018-09-17 00:00:32'),(8,'Framadate\\Migration\\RPadVotes_from_0_8','2018-09-17 00:00:32'),(9,'Framadate\\Migration\\Alter_Comment_table_for_name_length','2018-09-17 00:00:32'),(10,'Framadate\\Migration\\Alter_Comment_table_adding_date','2018-09-17 00:00:32'),(11,'Framadate\\Migration\\AddColumns_password_hash_And_results_publicly_visible_In_poll_For_0_9','2018-09-17 00:00:32'),(12,'Framadate\\Migration\\Increase_pollId_size','2018-09-17 00:00:32');
/*!40000 ALTER TABLE `fd_framadate_migration` ENABLE KEYS */;
UNLOCK TABLES;

--
-- Table structure for table `fd_poll`
--

DROP TABLE IF EXISTS `fd_poll`;
/*!40101 SET @saved_cs_client     = @@character_set_client */;
/*!40101 SET character_set_client = utf8 */;
CREATE TABLE `fd_poll` (
  `id` varchar(64) NOT NULL,
  `admin_id` char(24) NOT NULL,
  `title` text NOT NULL,
  `description` text,
  `admin_name` varchar(64) DEFAULT NULL,
  `admin_mail` varchar(128) DEFAULT NULL,
  `creation_date` timestamp NOT NULL DEFAULT CURRENT_TIMESTAMP,
  `end_date` timestamp NULL DEFAULT NULL,
  `format` varchar(1) DEFAULT NULL,
  `editable` tinyint(1) DEFAULT '0',
  `receiveNewVotes` tinyint(1) DEFAULT '0',
  `receiveNewComments` tinyint(1) DEFAULT '0',
  `active` tinyint(1) DEFAULT '1',
  `hidden` tinyint(1) NOT NULL DEFAULT '0',
  `ValueMax` tinyint(4) DEFAULT NULL,
  `password_hash` varchar(255) DEFAULT NULL,
  `results_publicly_visible` tinyint(1) DEFAULT NULL,
  PRIMARY KEY (`id`)
) ENGINE=InnoDB DEFAULT CHARSET=utf8;
/*!40101 SET character_set_client = @saved_cs_client */;

--
-- Dumping data for table `fd_poll`
--

LOCK TABLES `fd_poll` WRITE;
/*!40000 ALTER TABLE `fd_poll` DISABLE KEYS */;
INSERT INTO `fd_poll` VALUES ('nextmovienightmovies','8nBB73iVkksVpeEFEFMnwUGz','NextMovieNight Movies','**IMPORTANT!!**\nWhen changing your entries, the \"save\" button is all the way to the RIGHT of the chart. Changes will not take effect until you click it.\n\n![](http://www.donniehardin.com/images/framadateSaveChange.png)\n\n\nHere we can vote on the two movies we plan to watch on our next movie night. \nAs always, see bottom of page for latest comments.\n\nIf you think another movie should be added to the list, please leave a comment and I will add it!\n\nPlace a GREEN CHECK on the TWO movies you want to see most, and a PARENTHESIS CHECK on your \"runner up\" picks.\n\nPlace a RED X on movies you don\'t want to see for any reason (i.e. seen it very recently, not in the mood, etc)\n\nSee our other poll for deciding which night for our next movienight. Link below:\n\nhttp://www.donniehardin.com/framadate/studs.php?poll=nextmovienightSepOct2018','donnie','dch84121@gmail.com','2018-09-17 16:12:53','2019-03-16 16:12:41','A',1,0,0,1,0,NULL,NULL,0),('nextmovienightSepOct2018','JD2eB3zy6dNK6RcwiBg8egCB','Next Movienight','**IMPORTANT!!**\nWhen changing your entries, the \"save\" button is all the way to the RIGHT of the chart. Changes will not take effect until you click it.\n\n![](http://www.donniehardin.com/images/framadateSaveChange.png)\n\n\nThis poll has been created to assess the availabilty and interest of a movie night to be held in Sept/Oct at either Tarls place, or Donnie\'s.\n\nTo see the poll where we will decide which movies we are interested in, go to:\n\nhttp://www.donniehardin.com/framadate/studs.php?poll=nextmovienightmovies','donnie','dch84121@gmail.com','2018-09-17 15:51:18','2019-03-16 15:51:18','D',1,0,0,1,0,NULL,NULL,0),('splatterflix','ZcVVlGRcbRTOSbSmC4Od346e','SPLATTERFLIX 2018','**IMPORTANT!!**\nWhen changing your entries, the \"save\" button is all the way to the RIGHT of the chart. Changes will not take effect until you click it.\n\n![](http://www.donniehardin.com/images/framadateSaveChange.png)\n\nSplatterflix 2018 Planner\n\nPlace a check on the film/times you plan on seeing. Pay a attention to the times since you cannot see two films at the same time!\n\nPlace a (parenthesis check) on movie/time that you think you might go to but not sure if you will attend\n\nPlace a red check on movie/times where you are definately unable to attend (out of town, etc.)\n\nNote that you have the ability to modify the checks of o any other person (in case they ask you to do it on their behalf)\n\nFeel free to add any comments, proposals, etc.','donnie','dch84121@gmail.com','2018-09-17 02:52:53','2019-03-16 02:52:53','D',1,0,0,1,0,NULL,NULL,0),('switchonline','5ul9LqiZVtIV1X7jNBlQd6Dm','1 year switch online','who is going to sub for the switch online service for a year?\n','Yow','dch84121@gmail.com','2018-09-17 18:47:14','2019-03-16 18:47:11','A',2,0,0,1,0,NULL,NULL,0),('uJVsQxkzfTWxyPaK','uJVsQxkzfTWxyPaKVWeXEwB6','does Scrappy-doo suck?','','donnie','dch84121@gmail.com','2018-10-04 12:43:48','2019-04-02 12:43:42','A',2,0,0,1,0,NULL,NULL,0);
/*!40000 ALTER TABLE `fd_poll` ENABLE KEYS */;
UNLOCK TABLES;

--
-- Table structure for table `fd_slot`
--

DROP TABLE IF EXISTS `fd_slot`;
/*!40101 SET @saved_cs_client     = @@character_set_client */;
/*!40101 SET character_set_client = utf8 */;
CREATE TABLE `fd_slot` (
  `id` int(11) unsigned NOT NULL AUTO_INCREMENT,
  `poll_id` varchar(64) NOT NULL,
  `title` text,
  `moments` text,
  PRIMARY KEY (`id`),
  KEY `poll_id` (`poll_id`)
) ENGINE=InnoDB AUTO_INCREMENT=27 DEFAULT CHARSET=utf8;
/*!40101 SET character_set_client = @saved_cs_client */;

--
-- Dumping data for table `fd_slot`
--

LOCK TABLES `fd_slot` WRITE;
/*!40000 ALTER TABLE `fd_slot` DISABLE KEYS */;
INSERT INTO `fd_slot` VALUES (5,'splatterflix','1539316800','1:00-3:00 Creepshow (Fle),1:10-2:55 CemeteryMan (C2),1:20-2:55 Amityville3D (C1),3:10-4:50 NightmaresDamaged (C2),3:20-4:40 Frankenstein3D (C1),3:30-4:55 ChildsPlay (Fle),5:00-6:25 Henry (C2),5:10-6:35 Parasite3D (C1),5:20-6:55 BubbaHoTep (Fle),7:00-8:35 F13-3D (C1),7:15-8:40 SleepawayCamp (Fle),9:00-10:40 TrickOrTreat (C1),9:10-1050 DayOfDead (Fle)'),(6,'splatterflix','1539403200','1:00-3:00 BubbaHoTep (C2),1:10-2:35 SleepawayCamp (Fle),1:20-2:40 Frankenstein3D (C1),2:50-4:35 CemeteryMan (C2),3:00-4:50 Popcorn (Fle),3:10-4:45 Amityville3D (C1),5:00-6:40 NightmaresDamaged (C2),5:10-6:50 DayOfDead (Fle),5:20-6:45 Parasite3D (C1),7:10-8:45 F13-3D (C1),7:20-8:55 HocusPocus (Fle),9:10-10:50 TrickOrTreat (C1),9:15-10:55 PetSematary (Fle)'),(7,'splatterflix','1539489600','2:00-4:00 Creepshow (Fle),2:10-4:00 Popcorn (C1),2:20-3:50 ChildsPlay (C2),4:10-5:55 CemeteryMan (C2),4:20-6:05 PetSematary (Fle),4:30-6:05 HocusPocus (C1),7:00-8:45 DayOfDead (C1),7:10-8:45 BubbaHoTep (Fle),9:00-10:40 NightmaresDamaged (C1),9:10-10:35 Henry (Fle)'),(8,'nextmovienightSepOct2018','1537502400','Fri 9/21'),(9,'nextmovienightSepOct2018','1537588800','Sat 9/22'),(10,'nextmovienightSepOct2018','1538107200','Fri 9/28'),(11,'nextmovienightSepOct2018','1538193600','Sat 9/29'),(12,'nextmovienightSepOct2018','1538712000','Fri 10/05'),(13,'nextmovienightSepOct2018','1538798400','Sat 10/06'),(14,'nextmovienightSepOct2018','1539316800','Fri 10/12'),(15,'nextmovienightSepOct2018','1539403200','Sat 10/13'),(16,'nextmovienightSepOct2018','1539921600','Fri 10/19'),(17,'nextmovienightSepOct2018','1540008000','Sat 10/20'),(18,'nextmovienightSepOct2018','1540526400','Fri 10/26'),(19,'nextmovienightSepOct2018','1540612800','Sat 10/27'),(20,'nextmovienightmovies','![](data:image/jpeg;base64,/9j/4AAQSkZJRgABAQAAAQABAAD/2wCEAAkGBxISEhUTExMWFhUXGBoZGBgYGB4aIBceHyAdHRcfHRseHSggGBolGxgaITEiJSkrLi4uGh8zODMtNygtLisBCgoKDg0OGxAQGy0mICYvLS8vLS0tLS0tLS0tLS0tLS0tLS0tLS0tLy0tLy0tLS0tLS0tLS0tLS0tLS0tLS0tLf/AABEIARAAuQMBEQACEQEDEQH/xAAcAAACAgMBAQAAAAAAAAAAAAAEBQMGAAECBwj/xABHEAABAwMCAwUECAMFBwMFAAABAgMRAAQhEjEFQVEGEyJhcRQygZEjQlKhscHR8AczYhVykuHxJENTgqKywjRj4hYlk9LT/8QAGwEAAgMBAQEAAAAAAAAAAAAAAwQAAgUBBgf/xAA2EQABBAAEBAMHAwUBAAMAAAABAAIDEQQSITETIkFRBWGBMnGRocHR8AYUsSNCUuHxYjNy0v/aAAwDAQACEQMRAD8A8cK85j1jbzx0riitfar+HN3ZIW4pxh1Lfdl0NFUtBzDalBSR4SREgnPKuqKnhJHL8KiimSscwZ9PSoouASeUGugLi6Swd5q4aqlyacU4C/bt27rmnRcpUtsBWowIB1cknO04zMbVytaXb0QjbBzzq4jKoXhdM22qZz+/8qKyNUe9Fs2eJq3CCpxCpBZlXL18642IKOlpTNcPndP7/Si8IAbIXGJOi6FtGYz8qqIxuFfinYqEsnflUyWu56XPspUMCM+lcEVldMtLlNlkSNqjcPZ1UM9BY/bmf9BXXQ0FBMCou65fv9xQjF3RBIuHmYx5ZmqFmiuHKB0SI5/kPhNUylXtFWQhBBJAO8HeNvxPzpqEUCEpOdQUw4e0g+AAkL8KNQylU7T6SfgaBiX5BymkfCsznmGmySJtyXCM4MGeUHfz6fvHGMdKbC7I4RaFM9Ceh/xD/wDWmP2vml/3Pkq85mfSkU4vpXtcpt03rZSE9wxa3TpgKFy22pxamXARhMIMaSMqziQYovP/AOIPDLO1vLJnuE92XVvOhpMKUyp2G0jTk+BKwAMn76iis6eytm+4UotrQocSw/butAgLaTcJ9plB9xQZWhCsmd8ElKYoiHuyPDWSpxdm0433qVEAEaWX1BtteDsiFH0k7gV2yuIBzspw1ldpaKtSty5duGu91mUhp2Co594oTAiIz1oluIJ7KlNFBV/+JCEKZ4dobDaQ3cAITMJhwCBJJiR1okLCSVSZ9AKnoYP6+dNiNKGVF2tsByHOiiKxSA6eiiUsUVsIQHTuU7TA2qxjF2h8YkVaIQ1iOVcfHeqjJq0UbiBtGPhXGxUrme1A4yBtVhHa5xaUKmo5UQRhVMhK7S3NWy0ql5XDzAqpjBV2ykdUKbel3whMsnKFuLeTQjCCKRxMUOGQKCY6OiOJLGq0FlPKujlVXcyYXZCUW7SR4v5yzGUkjSgA8sCTjkM0hGOPO4nbZNSn9vAB13UPHUBF0pQ91wato3E1fw91Ri/MK3iDc8hryKE1p6j5/wCVP23us+ndkm1QqeU9AfuOD6VlLSXuvbdi7ShzvrxDrKBbG+S1bJt3VW61qCAFhStYEOeGREnkcxRec9p+0ve3zVzbqWRbpYSwpwDUrugCFLAx4l6iR0PLIroC4m/AO1Fy/com4trRCLd1tJ7sIabSsalhKAcuKUAQJ3TgYgl4eipm1UvY3tNxF68YbbcaC1sItfpUlSChsKUkrAypY8WeZVmAau6MAElVDzdKG97S3QdZClIK7N1zQ4EwVKKpcKswdREkY3NMRwtI96WlmcD7lrjvHX74oLwQO7CtAbQEgajqV58hz5dSSWIYGs2S02Ic6rQSWqZDEoZOiIDcVYNQi5TpbrtIZepWh161MpXC4KZCJoldEHNWq062D1qEKzHrgtVGrrnUoixNdqlA/spLe0lQHMwB84H41xxoLodmIC6dt0uKcS2dRbIBOBJI5CZ3kRnalf3LQQHJz9q8C2jRV68uIUUjKhiBy9a4+QE03VMwxENtwpRWrSs6juetSNhA5lJpGk8qadn+FB5a5nSgSYIBUdgkHkSYE7D5Uh4hiP27bG50H39E3g4uO6jsm3Gj3KwyyxbH3xqWmZKVFO5M50znrG4ziNnlfzOcVtNw8QFBqkb7NB4eN5slfjAQlDalCIKdMEyCCJ1EeQgTwTmMctqrow86hVTthwTuQHEKUW8ApMyg8t/qnPWDjrDEGJDuVDlw+XmVVkUznQaXL2/zoa6vpjtVchSr5C0gJtLe2ugQAC4UF1fduThxB7uAkjBJO8RFFRv4j27KL+xtktt6VPd6sBCQFJdfAbSYAlOhKsdFURg0JVSdaVzRwK3VclxdsykIcu2kJ7tIBQlKFIVpiCUrCoPLWfKOZiBVqUk3AuH+z3llbJtUlCCw4LoJAPjYXrlQEr1uBZySBpAjAopNtJv0VNnAUkf8Q7FDTrKW0o7ss94HEoCVOqWpWsrIAKjIAAOw8yadwXMDaz8boQAq0hutENWcXItpO1dQidVI03NWCG9ynQ3XSh5lIkQKlKpdZXbYroCq4rtsZqPFhRjqK6KcVWqVy69VCa6d1AbCxtYmOXP99apJVaq8WYO0RT/DktvaUthCfZyTAjOptaZ84kV5+TE2+x/lQ92oXpmQkQ671Z/lVK+bSi5UBEOAOJP9/J/6tXypzBvGYgoGLB4YIWaomnnOpIMbmIVq7KW4bha5heySkiSlJVPmANRJGIHnFec8QfxXhoXo8AwRsLymN2yVPDvGQUPGcwNKlBIKIUoaFAhMknes9rATlHRawkMbQ8bpD2g4UbVIeYU42nUCptYmDPhImTIIHM9QYwbB4vIVV8TntztHvQdvcl4K1ypDnhcJ3BOJ8szmhu5NW7j8/hBHMC0qvf8A0U//AMRHzNN/umJbgOSO2P0qCZ95Oxg7jYwYPnBplAXufb7hi0IWV3V3dMWzzAuLd1Sf9oQ5pICVNJQSoFXumdga6N1F57xfjocv2rpbbiGWlMBCFZUG2dIiTAUo6STnBVTbW8tBBLua0x4727vHLtbrbzraRrDSHEoltLmlSkkEEbgZMmI2GKtHC2qKHJIQdEPw/tdfJQwhNyrQx/KGlB0eEoG6TqhJIGqY5UyzDMNkhLSYh7aorq84q8+lCXV6g3q0eFI06jqVsBInkduUU5HExmrRukZZXP0cdlw2mjJUlFpRiu0ELMUXbt1wqt2pFN10KhKxaK6FQrbaavsqE2V1FV6Kw9pbWqBVeuqt00QoyQBUJA1KuGk6BG8b4KlsJQ6vSVDCEqAWoznqQkDBPM4E5jyuM8RMl5PZ/nz+y9j4X4YG+3V+f8JE7wm6bKlNqdKAVlMq+qT8lHOQRyFJNxAdstd2Dy6O1SDjHE++W25oCSnUgxiQDKcTI3I+FaEDy11krJxEYogBMOFOLU6O7TKyCUkxCfMzgAdTTmKla5mp06/ZIQQuaaG/Rej2Djba2WrhzvFlp1RcUJyAVEgEYQlMxjMTXnXuzOLmih2XoImFrQ12pKj7yQQHQopJlOnSoTzIOZMTNCcCPJaLaO33Q3F21PMu94d0HMYGMYHnVBeYFXbTFSuDILfhVMLUMZHIkSCNzEcqYkPVIyPDiK6J73Xr+/jSGfyVdF5dZJJebAEkrSAB5kffXolmL6W7V3qkKvnbkKSzaKtX7VZGn6QA94hCvrBWEkZ/mKFWaLNBcKqXatKzxuxtmnB9G4p1KnPGlKn3nHleGcwjRAkbJyKMwf0yVRx5gFZ3W1e22q1haWV2TrdyXSQVNpMDWoAePUtHpqMb1xtcMjrYpcN5h26oXjrTybS5UtpTq3VXYeAgIbKVAsuKJz4GW0aBGQdwSJNDlMjaNbf7HxOqDNeQ6Xv/ANXl7KRW4BosJxRbaM1YBAc5EoTNWQSUSziqlqqHKaJrihUmioFwgrplFde7RdiZZXWkRVASikN3S69fQmAVZJMCoXU6irNjJYXDomfYuwL90gbJR41HyTGPUmB8aR8QnEcJ7nT4pzw/DmSVvlr8E17QW4edcLraoGwCASuNuYXp8IGCMK35149riDqve5GhgDDZ6+SH4bZXLDgUVKcZJbSpso2BgKUlcykidUEQfWI6Mla7qSZieVeScXbBcuSiNCXl6SOmpQTjoRWkzQBZcptxVq/h5aJ1Bx0hSQUkJTJ1ECU6sYgyY33NAxkzgym6Hv8AZCjjzPVzvmO8ukPjDjREoVkLbVPeJjcEowPUTO9IwPDW10Wy6K2CjqEvtr21aCocBSVKgBAGJ8I8IiAMV1wLimLNC1HdXqnkqSlJ0wPCDClTynOmfntXBQOpVXaBKH7ZtlBATClQdOrURB64ruYuOqRsl1lCe3r8vnXOE1d0VG4fHftkifGjEkTkcwQR6gg9DWys1e69suzTTKgtthxxTVw2hlh55x1F4lbY7xIS6pXiTqX4k7aTiRV2GjuqlUnifDOIXV0p72VaXFlSkhv6gZ0twkgzKNKU9ZGKeifE1tEpSRshNgJrwm3uH+HvPIdunHg8E6UurUNBTrcOkHJJEkmdh8SOyMlaCABXYITc7oiQTdod604kQpKxdkLKAtKi4dZOEagfeOMT0plrsODYrT3JRzcQdDaAXbKQooWkpWkwUqEEH0ptjg4WEjIC11FEspxVks4qZIiuoZUia6qolhBqjirsaUUUTPlVLrREy2LXAfCExpJ6gc/LPWquaTqrRvDRSrt5xtxC1JWlIIJUADsk+6McgKVEzmnKVo/tWPaHNP4EPbM61d6sycR+VEH+RQnuIHDC9B/htdhsXJOwCFAc1GSIn5Y86xvFiOU+9bHhEZ1HdKiw77QFnWkqWFBTmlWJkwsQtI38CtSYwM1hlwI1Xq2tIHLt8lYuKcYWppXdnYFCfNR29Y/KqDpaoI6vuvFk2WhlxAOpRXmZAMTpMcpyfjWmHWQsaXkdRKtfZ5LbSW29RS47KGkTgkjcn6pWQQDz8hFJzhzia6I2Fc1rwXJ52StVNt3T9w8C6s6W0agVE5CFkb+JURsYRJ8quLC0BuyeaHiTL5/wqjeMFF680jxAOkgATBUAogDyKiI8qubLQisIBKuVvYvtNmRBjy8PPYEwT55286XfGLBK448QqJm/Ggp0gen3z1+NVohFDGhDewM9B91dsruRi8nsR9O2B/xEDp9Yc62l59fQ/azi6GDfvOuIcbKrVyzbDiVqLrYlSkJBJSApKZMDAVyqzBZoLhNKT21r2y6ZYWylxtDDzIdVpRqW4++6owQTCblKtM5xymrhvKCdlRx10Sv+HsraeSl1Gr29twmQgLQghThSCfd0gmOlNYjQix/alodQaP8AcnLl9avezAkBFz3zWqY/lodYR4uUpdwfMVRscjQ4j+2j8aP0XXSRuyg9bH8j6qk9r1LN24XSjvIRqDeQmEgBOonxKAABPX5VrYMDhDLdeaxccXcU5qvyS1sDzppZ7lMAOp+X+dd1VdES0kefyH61VxKjatTPXKW0FStUAxtM9AIzS00oibmKdw8Bmdlak9vx4vqV3Z0aSkaAgFRB94lRJT4T8M86xn42Qu00W+zw6NrNRaIu+JllSi4dbXkPEg45ghOTsPXPIRmPe12q67wyN7eXf1VP4s+gvrVrUUqSkzE+GQEnf7ImumYucXKMhyMDeysvYiyXdw0mTAkqIwkc5z15V2TGiKOyg/tM8thXGEJcftmCqbVpCiQJ1LUqVz1whPpJrAmfJJzu6n5LfwYZE8NrT7qki9cCiFOFSckY2AwIztn4xXA0OWtI/hgplB7hT7z6m2R4UD3cT4jgySVDzJiu5ebIBqs2TEXqVULq4bJ1NnUhOiRp3CTnB8utPsbWhWU85nWrZ2P4KA+w8slxxSgtBVI0ydaoSQCTGolSsZMTzpKx5aTs0fNOQ5BWllWu8tGm7gKTJUta1ZTASlB2SPNSt/6fnmP5WrUjJefkll42uzKnm1sKWZUqGtKgFZyoE7q35mnYIHzDTZLyvYzdE2PatJbSXmlIbUT9JEpJJjxKyBnGTyGIiqzROY7K7ooyQOGZqTcT4my8pXcmUjmBAJzMdaXeCCmmUQlPtS+v3VfRB1XnBFaoWMnfAbxTDqHmoDjagpJgEfEcwcgjzpuNoIIS73EG0zurxy4eW+8oKcWZUYA5ACAMAAAD4U9A0N0CTneTqu0JpwJElPOK8beuigukeBOkBI0jqSeqick1IYGxA5eq5PM6U83RRIo6RKKQK6glTpwK6qFT26wMxVHq0ZoqK9vBqCC2lSVBRB3KVJ0xHwJ/YrE8TJAaF6LwiiXEIPg3Z99Ku9M91qBKVjGoHwqVIggEFUe6MViySdAvRwxWdU7e4E3cAqZQW1LEhQWoJdJGr+WEd2PDvkGZJHUYzAIhLbP0VA4zwQsOKSoEKgyDyHIzOSTPltWjg/6ljyWbjQI8pHUqydkLS5FlqSVoQpwEBswpwBULUoiDpx3aQOZUo4BNJ4lzc1VZ/j86q0TdLWcI4oq3vnNUqK0L1xzBUkgj5BXoTVTCZGGugv4I0cga9oPU18VM0nv3fCqQs6UECIkkqWZ3IM/4Z6V2JvBjdM7cbfdHxs4kyxM26+mw+vqEq7TrRd3ADSlG3ZQEI+yVSZKeo2EneDyiaRXGy3e0UlIcxoJj2S4Mhq2dv3dKylRQhtXuzKRK+uSIHxrQhaHAWh5TmJXXD+0Dq7hbmAQjEeZEn1xHlNcx4qMV3TmC1lIPZOL9LjFuw64uVhS1LSYylyDoSTzHvRzJVtWczDOlYSE8cQ2OT3/RRcQWLhgJS5CVEFJ5T0V0/UelDwuLfh3ZSLHbr6I2JwzJxmaaPyRPYm2dDD9ssqb8QhQg4UIVpnH1T6E07i5o5csjDaz4YZIiWvCpHDgGn32QSQ2tSQZ5AkD8KTlFgFNRuokJh31UpXzLznT4q1mhYhTG1QQPupuLRAk1RzJino9EnILCYMmm2lIuCLQM0RBKNQKulijGU11AcVJyqHRcGq6aAJSCSASJPQc460N7iAVdjLICCubcPtOpg89KSFJUpIOFJkCSDp+ecTSEhbIMrgtWEOheHNP28087Gvi4aGr+cj6NSiZBTtMeYMRsCVYzNeYxbDh35a0OxXrsJKJ25723C64nfqtn5bbWEmSoZIk5JQn/AHKSdRiYkYiKF7QtMN00rRJ+2V6l5q2UkhRAdBUDMiUHPPyzsQa1fCwbcFj+KuFN96acDvi3w4rMaQ2AB1OmVZ6SqI6lXWsqcXN6pmL2FVTbf7SCTJFuwSTzKsn5pEVp4VmdpPY/VKzy5HAd7Hy/CmnD2JbWoYPdK0gHYeKP+78aA45oiT5fySmpWhkjWjz+QA18zugbNpKWEKGxDQMeQg0o82+veq1ooeGvPkO2jckLWtaUbhcgBYI6gISR8duehhpmNHMdlR8bjoOq64Nw24Q7q0TIKdKtzP5zXMXiYXsyE/AJrCYeZjw+viUf23U/3ie8SpKYGkEdEpSrOQTKZ3O9M4F8Zjyg7IGLa4PtJeHcWUzqScoVuD+/voWMwIk52bouFxpj5XbJ5acdU3BBlPLOU+R6isd0OumhWmMRprqEuurRAWu4bJVrytB38yk/HaiNcSMr/ihPDQS9nwW/+RXzH61KHdVs9lQIyIrUCySmTa8U1G4JdzSjmOVPsSkiOaOaZak3hGt0YJZyOb2qwSzt0Sg11Cy2m/DOH60OLVIQlMqISVEdAEjKlE4AG9Z2OxogAoWe352WngcAZrvQKO4WyFd2lKNQkGVlRSeRMAAmSJjA6nn553jGJdtp6L0kXgOHABcDaguVhCGXQPcUVrEzM4UieRKQRB/OmoPEuI6pBv1SuI8LMQth0RHHLQ2yk3jBPdqKe8jY6vdXH9U58yOppwsjlGSQWP49yVa+WPmjNEfP3rVjxhm8ccJ1JcahKiZ0FOSlSTGCdikkAwCQoCDiTQugJDNQt+CdszQX6H5Kodpr5OpRb1KSDpBUmCcCZjeNuR2rQwOaKNzjuVn4/LLI1o2AP0V0seDuu8KbQjSnW2mXFkJQgLOokqJjYiBuayi1z8STWgTjXBkPmiLvgtsh0uFSlSEJCdQZR4fCka3BrUDj3GyPOtDDRyxsy90nM+Nzgd6XVs+ylSW2iwmUiNLKnjzOXHlhJ5/7sVV7GMZrZCu6WR79dDZ+PVLm+0K1IV3b9ynTqwE2zY8OCAEW9CM0Q/tXcr+6zgF5fXal9xfOt6EpP0rbLg8UwP5Y6HlVZZ42jVqLFE950KMvuIX9srVcWzF2hOdbEtOjzgDScZ9yPSqD9vLoDR+H+kwTiYhe4+KMTxiz4kwe7Vq05W05CXG+UxspMmNSSRkAxMUvJhpITbUxhsTHIad/orzvtHwvuSdIlI50WHFSHQuKLiMHHWYAKtMcQKdzIo5beqQDw1M7Pic7GhuZ3V2vB2RHt9UyK/EVSKafWcjbRyRneaLG7VUeNEeyvatOMpCQJoyn5001JSFHNRijBKuTBpGKtaA4Ke3a1KA6mqvdlBKkbMxDVdrlJYsAppQKlqOQZiAcz/SAVeorxePnMs99l7Xw6BrGBqqSbVkuNoghuAtRBycqCUDp7p+Y9aTiBI5t1rSPO7Vek21otoNJbQE80zPPmqZJkfMVC6jog5Cfa1Su8ZSi1uWEEJ0Nq0hWQEEE4nfmB0xyFbGDxHEbR3Cx8XheG7MNnJF2AsXG2le0ITbpUsrC31BBWCEgBKT41AaTHhjNFxB4jXN6ocH9N7XdAmPFVcGtNC3WXbg+Itgt6W8xJ0r0hwQU5OrEVyNkpZlGy7JJFmzJVxrjz7i7ZQJQhYK0DUCoNgJjCUpDXvAQn40qZxzBp20/CicM0CRuk54XcOXDy9OltbjfiWoIkJzgqPi6YnPpVosTGxozO+pV+BI72W/QK3W3A1oVrhISkZOtIgAHz86pNi4XtIb2A27K4w8ttvoSfiljXBtYK2UeEpXqJWJUs5Jgnwjp5DNZ3EvdOy4YhGdh+HO2yH+8CQTpKUhaVGE6pJ0kxvXZ3tfWVdwsTmk5uqZW9xpcBJ3yfjS4Gq0nDlVW7d8AAV7bbpAWg/SpEgLScEmPWFdQZ5VpYKfOeE/0+yysbAGt4rPX7pLxd502jRc3UFJUIgpWhRS4k85ECfUVV0PDk02KPHiOJDruFQbjeOlPRttZjz0UHeEGQSK6+rVQp/bV/bV8h+tDyN7K2YriaKFRTW+9EZuquTW2UPjWjCaSUoTO3Xmm2m0hIKCPZG1HCUeaTFvaulCBB0Rtg3qWkbDr086DK4taSmIWBzqCu/aZpNvYhlCgCSESSJP1lQOZO3kFHlXh3vMj3POlkr2WFjDcrRrQVAVxYW7yisahpAA0JViB9rBBI5j0rsbMwTznBo/PzZN3O1DTsBtJlRTgJ0ZGRzAjqJAPWJB62EnQhU4rWi7NLuyvXXH7wKQ40WrUDIKFapMKBEGCAYzBielP4GMsNOWd4jI17Q5hVU7F3hZvfpBIdSUq1GZBwZ9VQM1oygB9LLjtzL6hWH+JjP0bR+wdAHlpj/xHzq0NA0qSW4EoZLoU8no20lA/5pcPp4VNivPubV+ZP2+62GO2U7rigtYKW0GdLadPeLX5nUSUJJOCSPJOxqcMZeUknr2TLJubmGnSyb+CEX4MbEmDic+cYPOhNhe7UDRNvxUbKs6pVdJl0oWJI58vL8Ktw6bdpV2P5tGp92LmXjphKQlMjmSZj4BP3ihStDQDaPDO6R1EaBP0N+NCle6Tj4D9aGB1TLn6Uo2LkOPJbMKQo6VAiQoHcEc5FWhJEjSO6riGjguvsqb2vAQ1cxkDiDqU/wD4kFz/AKoJ8/WteRuZwA7rGw78rST2Xna05zTvDDdEtmtCk70q7dEXNcURC281aly7UyMAR8aM3ZUO6NZXMDnTEZ1QXjRM2DFaLFnSapnZqo7NkpKmgOPhXbQwB0TOxOkSRONjik5ya0TcfKCaTq6uEL0h4KWtpC1LUPtO+LbkAUtpn+o9K8tiIsvONiT/ANXoMBiS8mJx5gASfp8FSb1IcGrEokH1E/uaow5dFomn0juw3AS7dqWvUW2xOr6pONI8xkmfKnIBmclsW8MZovS+1LChZOaAAdJ8oEeL7iYHWtGOs6xnkkEBeG2d1puUOrHhJCSP6YJPxzUlsG3K8VVlarx22WXbcmZ0lJkfIn8/jUGjh71Rux9yjt2QduaQZ5+KSj5IQkfCsJ5OY33/AD5rSaeUEKt2T5S+6rBJUqJ5Anl+HxrXiwrHxC0lLinsl0R/EX9jO439JA+5Q+6mJGDLlaNEEOJsuOq1xVcPoIE6wAPWAQPvrEY27CfPQq8WXC+6ZSykgE+JZ6k7+uwA8gKSkNragbwwsufEQ2k+BsAE9ev4R8+tV9yL5ncoH29FqFXSx4GvC0kbvOn3UpG6jzMbU3hYrdnOw/lKY2amcMbn+FSu1iS001bOn6VIW9cEf8Z461jG5SkIT6z0ptuZ0gLBdJdoa2E5tLVJeTWm8LOaUIsUm8UjBRVRdVu47wUgFaRMCcfeaemivmCRgmrlKQNKkUBiaci7QU3CO6BIdEybG9OMNhJvoUmVofnTDSkpRqnVqiRNcc5UbsmKE+Glnc2iPdNULt8pPef+4jQSN8kHHQ+EelZmKgtuUdCiYPFNjxBc/qPz+ErRbjOrY43jrypFuFcSL6rXd4mzK7IRY19Fe+wzB7p4gAeJIHQyM7es+tacjQ3KFm4aUy5j5/RW7jrGthxHVJAzXIzTgUctzCl83LClRA2IP4jHnH5UeVjnjRVie2M6q88LvwpiFAELQpJ9QD/8fupPPTLKYLOfRGpdAcIH2ikAdEJSB9yjWG2y3X3/ABTx3Xnjl+UuudNah8ia34ZajA8lnyxW6107xQ93lJxiYxOP0rpnbVKNgcSrjwK1LjHti04ZbUpE83EpIA8wPxissObxgz/I/Ip+ON2Qu7BWPiXGUj3SJIEA/dSr4Hh2Uha0crC3NYUN28m3KC/rLjkBu2by69P9M/Ro5lSulXiwpOr9Ag4jGNGkep7qJ1BZdF3elKrlAi2tm8t2Y5E8lu8/XPSDPna2mgaJWLDuktxPqqVx1kPkqSYVmQd1E7kmcknMkfGnIMfG3ly0FJsE92odZ+CqrjJTKVCCM0+C1w096znAtdql7ozSUo1Rm7KGhKy9e4O2Fju1GFRqTOyh09f861S7qscBVLtX2d9nh5sENqVpI+wrJA/ukTHpSkjQ02OqehkLwQeiTMGiMKjgjbZZpyNxpKvaE0tDTTTokZFYOHrkZoUhpCZ2TQgQBS+bVGcRsg7prcdKo83qkp28yHCN/Sh3aCHFt+ab8G4y6wlxKCCnQtelW2pCSobZBMRQMRJQzLR8JcTOI+hv+FbGuMKuWQvAJHL6pjP61IHh4sLamj4ei8SaGmQcEKIj7q02nQrOeCSKTDs2940tn7SfmDn51iYjlY4eS12cxBVkZdSpaVkiAszJj6qR/wCP31nZSG0jXbiqPcvhDq4wdasjBzPMZ503RLQrAVqmHY7st7c9KioMNEFxflySk/bVHwGelUll4bb6q7I87qC9RvGQtpbbaUNsoQUEk6UNJIOVKOBvPU0ph2vdKH+admMcUWTuEgtrpSyTYBISj+ZxK5Tpbb69whW56KMnlia2ZJnO5R8FjtYFY+FcKYtEqWgrW84JduXcuuT0n+Wny32rExGKc4lrVqQYUbuVK49dpKlGeeKrGCU46mhV1xQBn9/60wAg3SX8TWFJBPvAwPMH9DFaWAcQS0rOx7QQHBV16izJZqhpdXXqVhxYCElvbbMx6cx8Kfc3rayNRsnaDbXDSmnFFIWIIVBAzII2IIIB57UJ+au6LGcpsqhXvZG7ZJ0o75AOFs+MRylI8SfiKGyUDfT3pt1O2Qdu2elPxOSkoTazQroabtZ8lJ3ZIIExQpCgahMEKMjBoBQ3PJcuwknJBrmirmvUqJxsnYH5VbSkBwLjourK3lS5kJDLxJjYaFD8SKQxQ/plaPg4d+6aR5rLB5xoynUMQR1B5EUDw/2z7lteOSuZG3J3+ip9/YOJWshK1IBMmJjePPka13yAUT1SsLS9gI3USbFaSVHWlMA6U4UQcZP1DAJiJwduebiZWl1MWlh4nZLeomLRC3SkIUUnVE8hun7h1PqaFzhhcr8ucNpd8K4E7cPJt2xKlGPQcyfICqZtLTGlUvWbm4tOHNN2TSFvvD3bZn31qP1nVDDYPzAoLcOXnPJ8FY4gRjLH8Uv4q0TB4iQ6U5b4fb+FlroXV/XV9/zor52x8rFWPDvlOZ3+ygezzFxxC6C7gRbW5CkNJGltJH8tKU/eSZPhiizzNigzN3cP+qkcRdLlOw/ArDx+88KorAaLK3GtoWV5zxGSdjvTjBSC82gH0E8j6UUITjokt+4YiDidq08I3K0uPVZeKdmcG9koUlR5H5VVzrKoudJqq6vZm+Hpc8aAlRHvDqOuKbut1mlvZQXvA3QdIZeKyJTpAUlQ/vYjfnQzK0DdEaxxNEIZXCbtoBbgTbx7upYCj/dSkkmutla40NVHwmr2QXanhOgtXEfzwSrp3g94/wDMDq9dVMYZwDizt/CDLZYHFA2wxT5Wc/Up4yjw0AnVCcwohtGaGUB8dOUsYqpKERosKcfvaoSuBui5ZSNNwI/3J/70H8qSxg/prX8DNYn0P0Q76vEfT9I/Og4Acx9yf8fP9Ng8/oqVxdcFfLJwR58vnWvK/koFUwjNGldLsXF2gc1SlMSgcxOkEmfFEAeQ+NIZGjXumf3JdKYuwH56Jp2d7MvOt+0rUm1tU7vuiAR0QnBdJyITg9avI5uQtXWtdntXLs7w1am1ewzZWqv5l66Pp309Gk/7tB5RnYyTSrnsjFuTTGOkNDVHMlm1bLdolTYPvvKP0rs7kq+qD5VnS4pz9BoFqQ4NrNXalILt5IGPOqBtJjNZV94PYC2tEp2WoFa/Mn9BA+FLTPvRUYLfaqHaS6BwD61Igm3bKnXayabYgPCWXb5TtvTuHgMrqSGJm4YSC4XmtCQgco2Wa0dShyKTRFkVFF6C3auNmdahAkhsE/fqH3TTps7rPoDZEq4u6mA2q5k7Q4pPrgSeXXlVeH3Vs/ZS8EsVrdDz4WUJBWtS5UVaQTkmSo45106N5d1U2Tbkw4jxguNq9ohLJMhMdNgjqRG8xXWtbGbG64SXadEMqwQtsLQ06yDgBwglY+2BAIGwO4yM0WGdxNOIPuS8uHaBbbXNssiQeU0dw1SbU2ZwmguUdS4nSCTzqm6UoNabUKnfwqxCCXAbLOHAlSx9pp0f9BI+8ClMULjK0fCHVi2+v8IbMT1j7v8AU1XAN5SUx45LczWdh/KVcQ7N3F04hNu0XFK8JjGkg/WJwEwoGaYlkAOU7pjw0XCCPNWC0tmLcotGWxxG+CYLTf8AIaPMurwFgHcbdYoT320aaI0WFyyukJ1PTyVj4T2bS84XeIPpvbhogd0n/wBPbHkjSIStQG45YkZBKOIxHDGnVacMOc0ju0V7JyZgGByHkANqzCXPNlbELGsGipVxclRI5DeiBtKznLvs9w/v7lpJBidR9E5Pz2+NXeaGiDsLV67R3mgUifaR8Oy9V5txR6TJpiMIzqu0mutieVMRhBl9m1Xbx6So/KvQYaPhRWdyvOYiTiy6bBKVGlZDZVwuKCurddUV0s7272JKh5ifwzTdvG6RyxnZGDidwnkJ9CfuJNQkncKBoGxRau0twEhOJiJIGREZG2xrho6K9FMODNOOtuXAhT2pIbWoBWhImdCT4Uq2zGOVCfRIvZWaKRNgw6ypT7h1P8is6oHOevMRyqxja5uXp5LhdrfVN+JcKQ633jRSFaQVt6pKSc/h++Vcimc12R3oe6VngBGdvqEutkkDNNkpFwIQ164NqjQkZQKpDlddIS1I/gDep9KZjUFpneNSVAGOeTSuJBLDSf8ADHBuKYT+aJnc8CbYbQ5euhgK9xoEF1zmQJICTOJMgYmKFhnuazLS2cfgWTzcTNoum0uus6nf/tvDzs2k/TXPTUR4zI5CPiK494Bs6lOQwhjcrAgn+OoS13Ni17MwRkpw45/fUMj0B655UzDG2g92qx8Zj3h5iZpRrzVv4JZi0skpCQkkFxQ6KXmPgIT8KwsS7PIT0GgXqsIymCxqVSeM8TKlkddzVWs0tPZwNEiLukFRMDMz99FDSTQQnPAFlWr+EZ732i5+ok90jz2Us/8AbUnYGNCWZKZHHsj+07xNZ4Gq1otGrz+6XqVTTRQXHGylnE3TEfD9/Ca0cFBxJACs3HYgsYaVcujJrYnOtLGiGiCXWc82mAuRQ11Zq8hUUVxU8vkoj41okWs1ppds2ylQRmqlqu1yc8O4c2lQU6NUHCDt5auZHl/pVCy1fidlc2L5SxpQlKOUgbfvpVCwBdB81zxdhq0R3jgUUKICjvoP2o3g842x1qpkpEbFmHmld7xsNklhMnIBUJSr0jCh/lS804LcoR4cJzW5NuCcYbcQDcWzaQRBUiUx5lMwR8aSdiZAaDymnYCMj2Qgr7jlm27pht9pWfA2ElPqSJnzmiNln3zFBfgsOW1kAKIb7Kd59MHUt2hSF945gpSeRGBI6zH4VqR4glluGq86/wALqUgHl+fuS+47V29sNHDAHXCdCrlwaymdu7bAzPI+WeVUc/MebQJ/D4OOHVo1USbZ5pQuXUr9oUQrXcPEOLzIHdNyUt/0qUkYjyrrJGv5Ywu4h5hbnlOnYLjiN266yC4Ss95lR56gdIH2EpgwP6z0pSeMCYA9kXAYoyQuc0a3t5aKXszad440kjBMkHoJP4UV0uSAkdln8DPj8p/yv03Vy7UX8IUkbjf86xx2XsWMrmXmtwPFJNMA6KmXVUrj18pxZQMISdup6n9KfiioWs6aXM6l7V/DK27rhTXIuFSz8SY+4Cs/HO56CPg26X+dkm7S3cmAfX0pWNtlbHstpVXUPEaZAQS5I+JKzHz9f9Pzr0Ph8OWPMeq89jZc0mUdEkdMmuSEOcqsFBDEUiSjLQqqi60HoaiitqUg7GtYhZAKIs3IwdjXKXb1TizSVxtvE1zZWtPWOLMW6ClJ1LkhWkEkET732BvkwKUfIDumWQuJVW7QcUdul5yygjQmfeInUZ6nUoehpOSQErRjiIarFwLurhIUdJ0CAn7Pw6mN6zZiWaDqnoRm1Vx4E2lEjG0jHL9M0Dc2rPvYoDtOzb26vbfZg65BhMQFEe7qgZOdyDt5CH8LLzU5KTRlzDlK87urvifGnNIkoBB7tHhbR0mTBPqSafdIAEkyMBWThtvb8OSpLKu+uSNKnRhLe0hH2iCN/v5VeOF0ntez/Kz8Zj2Q6M1d8ghFvKWZV4lR7x3677nfn5dBTTYGh2YCliSY6Z8RjcbHnupAJQpBylUSPTY+RHWhyxNeQT0QsNjJcOTkO6L4PxDuX0uKyBIPoRHxqkuEBiLGJzC+Iu/dNmlN9D7kw4rcBwKhQM5rCMbo3U4ar6FFIyRocw2FWH0bzyNFBVSEpveBtOjA0q6j95ozMQ9mnRLyYRj9RoV63YthqxZQPqtpHr4aUndmcXFWw0eUBq83406S6TMirRjRNSXaTOOQD+/T8qbw8XEkDUnipRFGXFJLonevTkBraC8205jZStxVZkupTzUPP7x+NKFEWwmuKLvv/wBwP0rqiYW18vdKZHOnWPc7VotJvhYNCUytL3U4lvMnpjfqfjRMwzZOqEYuXN0R91eNzobUoqyJMQTy+E45V17TlJG66wAOGYaILh9sHVFxwalSN/h+grIleQtWGMOTzud/Ll91K3aeDKCk4CXmlFwDwncfa6fKfvqShrhS5CHA2n6O1WlSSUgEJKT4sZKTMctjQmw6Ij5Gg6lW2yaTeMoSdszz2/U0N3KVwuDSSpbTgRtCFsqKgI1tnCVDmf7wG3pRA8vFFKyAbgKgISASD1r1TWnKF4YtGbK7upXkJEQasGlDkjaDouiMVQs1VDBWqgUauAuNbqgLu8U3lJ+HI1yfCsnZR37rV8NxcuHfbTodwt2t6h8ApMK+sg7j0+0PMVgTYV8J12XsIcWybyKJUiCI60onQrv/AGgg2yElWyN6o4WaQ22HEheeXCgVqE8zRAKCLdlJ+KoUkExiZ+FaPh8jWSa+izPEY3Obpt1SJ9/FbT5AQshkdFLnDms2V1JtoUU0urLraootT6V1RbBjY1A4jZcq0TYXZbUVBIJ85xnfBosbyDaq5oIU6HoM896aa9Cc1WXs3cIEpVjVgeRNZeKjINhaODkb7J3Rtw2UwFK3OCDvQm1uAiSE7EqzWzI7oJUMjbmI9KA7e0428tFasOyzLqVLcWVajCS2QI6jMg5irOxBZQASvADzZKsnCeDKZRpZedSZmVkL+GmBih5s+pCsWhgq0v4/22caUthIbWoCC4mQAr6wCZOR/e39K18F4c14D36DssfG40sJZH8VTmbrE+fM7/rXoMg6LzLmnNZUj14I86mRcDCSssr3kTXHMvZWcwtUV3xAYjnXOGAuxwk2k/Eb3wgDf9xXHaJyGEZrSgmCCDBml5Wiloxko227TLQr6SVD7wPXnWLNh2k6aLUhxL2ijqFY7HiqXEHS4COk5HXBpN0Lmpxk7Tso1EdR5DrVKTYIXLaJT4ufzjmK71VHBI+N8KQmFN/L8DTsOIds5Z8+HG7Pgq08mPWjPdaUCjAoS6tRUUWRUUXS01FFtCCcDNWF9FxXDs/2SCi2u9eTbNKUEysgKMmAQDGkcyVR8aZotGZyHdmgrg/2Q4c+4hNrdIQQmA2h63dUsiVKUfp5JjfSNhUdG15rOPgfslv3MrBfCd8W/wD6TK37LsKQlJeWZVCdQaRKo1QkKcEmJMCapL4dwnW6QD0J+ivh/HP3MdMgJrrYH1TlXZdkgtuFxHdwlc/7zXJAhC8ERjSTiZnkKXCtYxrg67vWvoiw+JSTyvjLKqtLHXzulSF9ouGWDykWyXHhzWlw6TtsJ0k+eeeaWGGkl9pwHoneOyP2R80g4/2vcujBShtsGQkZM7SpcSoxP6c60sPEyAaanukp3OmOu3ZLU3o2G3pTkcyVfhwVtF8Zjb470fjoJwyJF5+E1cTITsPSGHEgCZGarxwiHCkqE8Rzt+81T9yEYYakG5dEmqGQlFEQCjU58qG9+qu1qBcVms+Q8yYC2y4UmRg8qoDShCfcP42SQFxtExv/AJ/pQpYw7UJmCcs0KtDAC0AjM/MGkyKNLVBDm2EPcJkEHJ/YqwKoWgqs8WsABqHL8P8AL97UzG+9FnTxVzBJSmrpZbiootT6fKoouSo1FEVw/ibjKtTekK5EpSqPMagYPnvVmvLdlwgHdavuJPPK1urK1ef6bCo5xcbK6BQoKwfw8v3k3aUtqACkrCzpSTo0mQCQSmcAkQaYwTM87R538Fn+KS8PCPPcV8dFbLm6efvg02+toWoDqClCSA4oJCiZ3lOkQZEBXUzoyxfuMS5l1QH581i4XEnA4BsmUHM49fT6Ke243dLbfV362UtFQLga8TiQnxGFLIneIHSIO0ozRPzGg3rl1Pz/AIVQRhp4zGLc7pnJAJ07a152qvb9l2e4aeLrwDkQlLWsyZjCZPL8KXbhG8Jry469ALTz/FJf3D4Wtby9S6gq9xdltp0IZdLiSEkq0wQTuI6jGOtJy011MdYWphpJHx5pW5TrpfztWTivYtTfdht5S9bmkykDQIKlKOeQSafmwT2Zcrrs1tssnDeMiTPxGVQvffWq9bW7jseEvtMpecUVBSlHQIQkAgH3uaiB8667BlsrWBxN67bBcj8YLoHzOYBVAanU9tuyisOAtPd+U3Tnds7r0JhUAlUeLlH31WOLPnIfo3rQRJ8fLFww6MZn9LOm1dPNdWnZi3daU77WqEJCnCEAhPh1ESDBIG8VI8OHxl/E2GunlarP4nNHKI+ENTQ131q9tLXNp2YYd75SbpRbaAJWEJII06jB1chuKkeHD8xEmjeteVq0vicseRrouZ1ir867dUHecBbRZi675zxYQgtpBJJOmfEYwJnpVHxlsAlzHXYUEaPHOfizhgwabm/d5dzSW8A4cq6cKSrQhKStxce6B+fL50CAPmdRNAak9k3jMSMNHmAsk0B3KbXvZZlq57ly4KUlsLB0jUpRVpCQmc7GjS4RrJsjndL29KpIw+JyS4fisjs2RV6AAXZKJvuxbKFd0m5JeKdSGykDVJI3nYQSegBNXkwDWuyB/N0FIUHjMj28V0dMuib20vt+FaR2Utw57Mbs+0ETARgYmN+mdxjlUGBjz8Iv5vdoofFp+HxxF/T9+vZE8K4S6008ty5W13S1JVCErBAAIInJBChyobfDmljnSmsprZHd45K2RjIGg5gCLPv308lD2iS+wy3cIue8SsiApsIOQSD6QKDifD2RRtkabB9E3gvG555nQvbRb2ojeuyqy+LvGZVv5D48qTDAFpune7coIrNWQVmo1FFms9aiizV6fKootlw+XyH6VFFneHy/wj9KiitnYB1CHHHVqAhOkADOSCTgbYj503g8VBh5M0rq000P0SuN8Ix3iMOTCMzUbPM0VppuQfpon3CrgNrunSoFbqiUQNkidEmPMfKiw+J4VjpHl+p20d6dFTEfpPxaVkMbYeVoF8zOtX/co13Ti7EtLd1PrA1KUMAFQkbZhMj51U+KwOw2R0nMfI9/ciN/SHiTMdxGYemDanM10NH2up/2i7q58DSGLkshsQYa1agAAMHAiD86LJ4phS1rY5S2v/LtUvF+kvFw975sKH5jf/yMFdf8lVbPhOm6ScBhCwQVBJUpKTI2TMmPvrLjxWFEw5uUHejsPTqt6bwDxY4U1EM5Gwc3Qn3urT3qxt8YdKlNKSA2XVKLszKNWrQEaZBI8MnkTTw8ZgJLC7Syb12u6qlkO/RPiLWiVsduygZbZo6qu81abo5riqO/dKvcUhCUrAzjVqBG4yokcqYHjGD4ryXaECjR+yUd+i/GeBGGxagkkZmdao+15JS20liyeYaWFuLkyUaQZ0giNh4QaVGPwceHdGySyfJwTx/TPjM+NZNJh6a3/wBsPc/5d1HbEtcOWynT368kaRGSJG2mdAjpXG+IYVuELA/mPk77dld/6X8Xk8QbM6HkGg5meevtd/VZw9Pd2DjIUkPOSSNMATAIJCYPhB+JqReIYVmFcwP5j5O+3ZcxH6Y8Xlx7ZTAcjf8A0zpZv2u6N4mwy80wyHtKGo1fRaiqAE4kQkxqzB3+ZZsbgZGMj4tAf+XfZAw36b8chlkm/bW523OzTW/8vcg2gm3ZKGUNul1z6TvBASj6gMAatPOOZMChDxDCRR5WOBs62HbdOiO79L+MYmbPNGWho0yuZqev9x36eXVG8WW27dW7uoaW5K5RJwZRHhnefkaNP4jgpJ2Pz6DfR3p0S+F/SvjcOFli4GrtuZnXQ/3dkK7fLHEQ/pCmdIQCAAUiMnMH3icdDQz4rhxi+Jmtu2x7e5Gb+j/FD4dweFTrv2mam/8A7dlOwllu6cuisuEg6EBuCCQAfEYnGBPWiNx+BZM6biX2FH7IT/0x43JhWYUYfKNLOdn0Pqpn+MLSwCiC8XAtaQMQVSpIKhBhEJnymru8Zw7YuV9uuzoe+2o7aITP0X4m6enQkMAoHMzet9Hd9VXf4g3CVrbWhycEaCDjzEiM4B9BQcbiocS4Oidflrp8UTBeEY3w1nDxceWzYNtN/Anbz7qpFw+XyH6UknVsPHy/wj9Kii0XD5fIfpUUWtZ8vkP0qKLmoosqKLKiiP4dxMsoeQEIV3qQnUoZRmZSZweXoaG+MOIvom8Ni3QNeG/3CvkR67/GlbXWkWyGUqdQQpptQUFY8SQojyKSSk+YrMkjc55oL3WBxcEOFY17qrl10uuo8juPelPArgEOuKPimVeQAMfnRcUwgtYNuiR8CxLHMnxEh5rt3kACR9U3bcChIII6iky0g0V6OOVkjQ5hBB6hcMLJK55KgekA/nVngACuyFh5HudIHdHUPdQP1UqjVAmHXWiGW+QrTPTMY3A6+dGDARaz5MTIyThk66a1pRIHfzWjd/uPXz8jjzFdEQVHY5wP+u1+fkdN9Qug+cHzI25jfn1BqpYNkZuJeQHeZG3Ub9e4Pv6aaqM3hg+WdvKeufyq3CF/n2QTj3ZSe2u3Sr76+fbqsVeEGD1jbynr0qcIHb8+S4ce9po73W3lf+Xbf50iUuZIJEjPSAZj8DQS3QEBPtlAc5rnCxr2oG6/hAXVzCrdTiltMrhSykSYwRiRqFOQwi3tO6874n4lIG4eZpph1IB3IogE1denvC67Puu3DjgSCoFXgSMn4DpAk1SeENDWjdMeF+IvmfPM81Hel9PwVp3KHseL96tpsqSgqVC1LwkfGTA86IcHVn4JKP8AUZeY2kUbOfTSheg13Pv3XV1xlpLj6CrvEgKS0psYWdtRKshG5wJONt6szBigeqDiP1G8ue0AZSNO+o1s337fNV68vFukFZBgBIgACAI2HPGTzOadaxrdl5ufEyzkGQ3Qofn58EPVkBZUUWVFFlRRZUUWVFFlRRZUUWyai6SSmvDeOqZt3mEttnvolakypA56TymhujDjZTUOMfFGWN63101Fajr5fVb4DcPFaGGk6lLWIABJM7gD0FCnha7mPZP+F+KTQVAygC6yT0Gl9aqgmbaVj2lMxBJBPIkSfSMUq7L/AE7C9DCJQMWGu0skHsS2zr5aIpN+nug6oECBjeMxQTCeJkC0W+IxjBjFPBAoab9aUlzcaQCMypIHxP6VRjMxo+aPicTwmBzdSS0D1P21U81RNWtFVSlwuA3KGevkp7yMltMn4zA+6itiJy31SU/iEcYlDdTGLPbW6Cm4MVXAbCPGtZCYHNRxEeuKkkRbJlA9y5g8cyTCCd7htzHaj108vmgbd5kLum7lZbUA4BjVqKRpQgRtnc+u5prgu5SOn8rAPikVzxv3cSLOgyVQrrYGw6k+9Vq7vnXQgOLUsISEo1GdKRsB5Cng0A2F5V8z3tDXHQbInhfHLm2S4lh1TaXU6XAkxqHTy3O3WoWgqMmewUPw9wl1WQllRRZUUWVFFlRRZUUWVFFlRRZUUW0pJ2/fWoopU2jh2Qo/8p9PxB+VdylVzN7rEWrh2Qo+iTUoruYd1o26wJKFQNzBqUVMw7ru3S6kpcQFgpMpUmRBBwQRsZrmW10PymwdU6seOPot3mFMhzvF953igrWhREEgjeQchUjnvmhvgzkJ7DeI8Brq3NjfTXuKN15EIBTiywW1a5SsQNJ2jb86rwiJcwHT5opxwdgOA5+odYHdtbX5HX80Y8Q4ilbLKG2HkuJ094SZSSnAKBplJO5knyqrcLTi73o8vjbpIGRE7Fp2o6ed/QeqX3vEnHT4QQlJkQM+U1IcM1g11K54h41LiXjLytBsd/VTXXtDqkq8KdIkALSI6mCqZnFXjwzWNI7oGM8YmxMrZCay7VsD3/Oi17c4llxgsgqWvUp3xFQGJSIOnSSneJ3g5rphGYGtkIeIycJ7Mx5zZNjX5X868lBwfiFzar7xhTjaykp1JkGDvt5CrOZmQIMQYSSKN9wCPgUCtKirIOonaM/KrAVoEJ7y4lzjqdbWgyr7J+X76j512iq5gs7pUxpM+nx/CpSlhbDC/sq+RqUVMwWu6V9k5wMbztXKUsLO5V9k/L5fgflUpSwtLbI3BHqKigIK5qLqyoosqKLKiiyoopba4U2oLQYUNjg+XOutcWmwquaHCjsmdpxpRXLy1acnwJRM56iN1KPxNFbKSeYoL4BXIBfne2n2CLTxtoJ0antICgnCMDGkbdJBM8h1x0SgCrNeioYCTmoXpe/r9K9Vn9stFGlS3sjxgIaAMxrgxOTqPWSOld4gI1J+X53XOA4HlDfLf0+nzU1tdtobBQbgNgf+0cTjBzOon7ugFcDwBpdeijonk2Q2/X87IdfE1rcT3SnFAEFQKESJVHhgY9+B5q86nEcTpf5/1WELGg5q+fQD7X7gjxdgSoC68ZSQShrKtIAkRGwEAcp60TPW2b5Jfhk75PPfa/8AvqtOXTmoBHtIEGCW21GSQUmANokxO/rVS49LVgxnXL2Op7a/P5e5RWQQzq0JuwVESAhHVUbpOQmfUpO3KNpu1rsgL6LizTzPl9f5HqNdcS5tqc77CPElCR4lFSwQEfbg5PNXoaGStQdfy/mishvRwFevah8kWm8UhIW4t0KEklPd4KidUeEwCSPh6AVYSVqSfl6qjoLtoAo+/pVKE8YZ0qHevZmPC3n18Hkn4j41DIKOp+SjYHBwNDTzP53UjqU94H1i7S4ACpfdpABAgmNAEb5Pl5x0kXmN2qgOy5BlrtZ96Idu1hBDfteqMS0jcHn4JwoQfTyiu5iBpfwVcjC4F2X4n89yCRdqSgKf79tUkhQbSBOmE7oEynUCJ2A+FQ4gW6wVcxhxpmUj3m97PzqvVbc443Bh17JG6W/dKjrxp3gkjMZrplGtE/L1UGGNC2i9ep30r/a0eLsqjW4770qgI5p0E+5kxjP1c74rnEafaJ+Xal3gPbeQN8t+hsfnfyXN3xsd3LbrmuIhQTgGNQkIGZ5+Qrpm05Sb9PVRmG5uZor131rr2Sq94q66nStQImdgMxH4UJ0jnCimGQMYbaPJA0NFWVFFlRRZUUWVFFPZFAWO8BKMzGeWOY5xzrorquG60TNTtkfqqHwV/wD06fjVuVVp35/xc29syVFRbeU2qNOlJEHVkTKphM88npvUblvW1V+euUi/NEpt7Uie6uI6gTgzB/CrAM81Q8W9CFNaqQlKR/tY8IBAkCcaoj6vvH9zUGXzUdxCdK/1r/pZbhtTigk3OpYT9WVFMoxO/wBVQkbynAg11tE6X+UqyZgLdl0/nX8+K7tO8KCV9+qFTqGqCICkn3wJ0wfTnXBmq9VY8K60+Xf7rby3NIKEPKB0gSpaRsCn65mfDA9I8+83S1z+lsa69vX636rplLu6/aWwCfCkkgDATknHi1z61YZut/n4UNxZs3L6/P5VSA4rbMtjVpfSslRBcxKpB6ZgKk+YHWqPDRrqiQve41y15dvz5JmlrJzeHxHl/XAGeY29elWoeaHxHf8An/dX+eSidskrhKk3ZEnBAMKGBIjeNPz8xULQe/5+Bd4rhqC34/nn+WouIpdW39Gq6WomFavdiCle39QI9AajrI0tRmVrqdlA+v8AylMlxwIBc9oCkpOowqAOf1xjby26CuW4DW1YCEnSvlv+X81AlPestl03KxuYEp30jSSOk/I132gLtVvI8huUfz31+I+K6TwJnEt3O+YR5wOXrU4bfNcOIde7a9/l/wAQv9msJSC4i4T4SSYAAjSJGMg6xvtKRzmq5Wga2icV5JDS3y+f2/lRBFhjxPxHi93BjljafyroEXmoTiNaDfmhb1NtoHdFwr1ZCoiI3EDrVHZa0RWGS+aq8kBVERZUUWVFFuKi6siopS7aZKjpSJPQfOoNVw6KccOd/wCGqu5SuZgpUWtyBADgA8yPz9a7TlLauja3W0Oekn9alOUtq0m2ueWv/F/nUpyltW22LlKtSe8CoiQogx0magDguHK4UVKDexhT0f31frXedVLY72C1Z3Kwvu3rh1tIHJSjBA8IgVGnWiaXHtFW1oJRinmsxfO+6IPj3gwkiNgefmcdbWP8kIB25YN/L4olxxpSEeNboC05IeMDUQVDMatMEgRkmNhXTR638VG2CeUD4dh/v4Lm4bRq/wDVPiIPuOwkSkqicjTCSJ6CTgTDV+0fmqgkj2B17edfHW/+qG8bUEAouH1uRJTpcGZGrJAxOrP9IxnEO2hNqzNTqwAenn+eqVIuLkA6VugCSYKoG8n5hWfI0O3I5YwnUBbt7i5X7inVRMwVKiTJnyJEnrFTM4qZGDoFpa7ltABLqEbAHUkcz6dT86luAUysJ2ClS/dxgvRmfe6mZ+JNdt/mq5Yj0HyWjc3ahEukEf1HB/KAPkOlctxXQ2MdB+fh+aEVZuDdtY/5T69Olcoq2ZvdcOMqT7ySPUEVCCF0OB2UdcXVlRRZUUUpRXFalgRUXVPaOFCwqJifLcRvB610Gja4RYTH+1zjwH/EPj9Sr8RD4a5c4qoiEpIPI6gY+GkTXC9d4a2ni6h9VX+ID/xqcRThrf8AbCvsH/F/8amdThoU8Re+191TOV3IFp29dUIJkdIrmcqZAo2rhxJJTAmJ8IO224NctTKFMriLx3UP8CPT7NdzKZQt2/E320BCFaUidgDMkmZM5zGI2qwkcBQKG6BjjZC6/tm51a+8OqCJ0p2JCjyxkA1OI7e1z9vGRVflV/CxHGbkbLjAHuIwB7o93lJjpJqcRyhgjPRcjjFxp064SREBCYjOPdxufmepqcR1VanAZd0hbW6canQQJiZSDttuDVQaRCAV1c3zridKiCJn3Uj7wKlqUiTx26gjvJB3lKTO39P9I+VW4ju6EcPGen5r9yuGuNXKQAFkAApA0pwDEjbbA9KgkcOqhw8ZNkLDxq5+2f8ACnlpgxG40Jg8o8zU4ru/5+BT9vH2/NfuVHfcUfeEOK1CQfdAyJA2A21H51HSOduV2OCOP2RSB0npVEVZpPSoosioov/Z)',NULL),(21,'nextmovienightmovies','![](data:image/jpeg;base64,/9j/4AAQSkZJRgABAQAAAQABAAD/2wCEAAkGBxMSEhUTEhIVFRUVGBoWGBgYFxYVGBgVGB0XGhceFxoZHSggGx4lHRgWIjEhJSorLi4uFyAzODMtNygtLisBCgoKDg0OGxAQGi0lHx8tLSstLS0tLy0tLS0tMC0tLS0tLS0rLS0tLS0tLS0tLS0tLS0tLS0tLS0tLS0tKy0tK//AABEIARMAuAMBIgACEQEDEQH/xAAcAAABBQEBAQAAAAAAAAAAAAAGAAIDBAUBBwj/xABNEAACAgAEAwUFAwcKAwYHAQABAgMRAAQSIQUxQQYTIlFhBzJxgZEUI0IzUmJyobHBFRZTVIKSk9HS8JTC4SQlQ2Oi8TQ1RGSDhLMI/8QAGQEBAQEBAQEAAAAAAAAAAAAAAAECAwQF/8QAJhEBAQACAAUFAAIDAAAAAAAAAAECEQMSITFBBBNRYZEicTKBof/aAAwDAQACEQMRAD8A8hc4beOvhuMh14V4bi7kOFSzLM8a6lgTvJDypfTzNBmryRj0wE3DOC5nMBmgy8soUgMURmCk8gSBtjOLAGrF/HBt2f4TxDJNKTk6CiOZzIyqoXKyHMUCpNkmBloWR1rngk4X2h4lKkQfhrSxSaXdlKkzx92kREofZu8BUW1GpNg1A4uh5N3g8x9cc70fnD6jHpfZvO8T7hZUggn+1zSShnUu6FpBHLYq0jLBloWfvOW4xpt2i4kSsw4dtKs1J3lyadOXOuylgBdI3FkSNy5loeRFx5j6453g8x9cendkuIcQQR5YZCNjAEBd6ik0SSPHGC9E13mjofyG/PD5+1OfjNycL0xmWOMI/hjDjudCWVA3aNiCdrlO+2A8yjUsCVBIWixAsKCQAWI5WSBv1OJcplpJW0RRvI250orO1DmdKgnHp/GcxnJ4Zo2yCujSuJRHmkJBy7LK4kCKPHUZAcUdOnY7FhPKibh2dhQ5NhmUdQF71/vrDxHQNO6ySeIEX7tDADOZiaNtMitGwq1cFGFixYajuN8R6h549R4dxjiOgQ/yVI8iouWSUgK6EQwLWqSMrR7oyENYJmqxQJdNPmUzc8q8KMiSwxxxpWjwSq8jMFVXV7dndgPcIAuhgPLA488PkBWgwIsBhYq1IsEXzBG4PI4PeKcdzT/Zmk4WV7rMPMAUpZSpkYpp7oG0W9wSPuwSu223BxjNyJ3jcLVgtE9/KgZhAsNu4aEFpAIjpYUo7xvC2A8j7weY+uHIC16QWoajW9LdWa5CyBfqMelx9rcxIgCcIMiOgY2uvvVZXjDvpgAbUxViVABKbVe0ef7Qzzq0f8kyoubZYhREYcsYWVdf2ddTaYqVrFB2J1VeA82vCJwQ8Q7N5hdKjh+YDugdSC0o0rq7zZUq6aMEXalf06GXn+D5iFQ80EsSsaVnjdATV0Cw3NfuwVRvCvHDjmIJIzvhYanPCxUdfDMOc4biDuNThPaDM5ZSmXmaNWbUwAQhjRXx6lOoUSNJsbnbGXhDBW7L2uzrKyNmCyv3gYGOI/lTIZdJ0WpbvZbK0aeuQAHcv2vzqIqLmCFTRQ0RX90UMWo6LcqY0osTQWuRILOzHBxmZGD6tEcbysVIGyKTzPmaHzxDksijBi2okAEAEAncA8x5XiokyvaXNRrGiTELFRRdKEKRKMwOa7nvQGs+VctsW07b58KUE4AZSrfdQWwZVQlm7u2bSiLqJJpRvihm8kg5K6+epgfXooxLwjhiSyBGL7joRd/MYeRPL2vzRzMuaVwskpTUNKuoEZUxgCQN7pRd+fPzOK/E+0uZzEKQTSB44yCgMcYK6VCAKwXUBQ5Xv1xfzPAcuskid8V0EjxFdiNje3n5Yqy8CRd/tWXrfk7M3K+SoSPLGrjZ1NxLJ2yzjBgXSneSRx3MNO0qur954PF4ZHFHlfoKZmO1M7mN20d7HN36y6F1atckoXlWnvZpXrqWHRRjOlyoX8QO17G/4c8Ojgj/ABCT5FeXwIxlWpB21zqKirIn3YRFJiiLCNBGBHqK3oPdxkr1K3h7duM7oaPvECsCCO7TkY+6IG23g2xnplcv1aUfJcTPw/KgD759/IA18dsa5b8ptc4l22zE3cNsssMpn70G2aU10qgv6O4o1sNsL+fmeKsrSh9QYMzKCx1IsTb/AKqL87PXEEfBYWoJMWJ2ABWyfQYZxDgqRzrEHYg1Z2LDazsBhcbDcT5btxnI4RCjoqrGIlIQawihgKe7umPoKBAB3xFne2Wcm7vvJFYwzfaI2KLqWTW0g35aQzEha9OQADX4RD0kkY1dBRy2rc/P6YjPCEDsrFtm0iiLvrZK/K6B9MOWm2hF7QM6oKqYgrDSVEY06aVQKvagi18PLbFPifa3M5hCkvdsrf8AlrsfviCt8iDPJRG4seWK/aDhS5ed4lZiFIotV7gHegB1w7g/BxNmUgYsA9ixV7IzDmK5gfXGeqsYjHKxb4llO6coCTR64qYgcmFhLhYsHHwzDnwzEQ7DkWziO8EfYbhP2nNRp01C/hhFbvcjI8PCsPvc830gjonp1cr/AHT5YwMhGzLIFagAGbnugO/Lci6J+GNjiPEpZ805DIUL/dl/yaxxMViC+QAv0JJJ54zOAxK0kgfT7j0TuA1UCBzvc1W/LGtIjzzoRS6qBNM17ihVDpy/aMN4RmVinR3UlVYEgc68x+/GhxPh0bKiRAiR5FjJ1FgWe1WrPUkbHfG52r4ckfF1RVqIrCVHTSIwgr0uOvri2WVJdxjcQ4WHkknklWCKR3kTvLVnRmJUpHRdtiPw164pE5RRynkN8wUhFenvk/Rceix5aGaVzLl0c6m3KpfMgWQlmhtV1sOmNrhXYbLSfeNCqDppFH1I6Dl5E43nw+WbtZme7p5GM1lARUE7fGaMb/KI/vx2PiOWsAwSKv6M4v8A/kMei9ruy+lfuuHTSeTL3Mm5v8wiQAbHdT8uePNMxlpYbuKWM3vrjAF+Vldvhjn/AE20pZMoVHcyJGevfQu7Hf8AOBlFV8OWJclw5ASw+zuo3DJIBT8kBEjGrYrsRzIHXAw9kk+fkAP2LsMbfBMvGEDtdliG8VAoaWiAfM8z1o+dIVNnuEFbfcG7OrWygjeyyRaSPUGv34g4x95MtVQUbBla6G9bjbbkOXLG5LJYRo9WqqI8Q7xeepWFAgiiOqkgijvjH45xNVfwIpJA8ZGo8udkbm+d+XyxakVIco0smwGtrKpWkFgCQNPSq93rsPPF3iHCy574kkO40qDuQ3IsxuvoT54u9h80G4jlda/n6RXL7qQg7dLs/wDvtQ40iw5x0MhVYpmUIrbKqsQnPkK0/LBWb2jld8xK0gAcsbC7gfA9cbvZKAni8QZdBBlJWw1FYZTzHqBjI4lkC0isjB9ZF77glgu/luR9cEXY/UeMCwAazBIBsLccvI0L3I6YAW7WrWYf44w8EPbBanb44HcZvcOXCxxDvhYg4+GYc+GYBwwedm3+yZDMZobOw7iI9e8lsWPVV1t/ZwD5dLYD1wf9oUCrw/JjqDO4/Sc6I7+Syf3sWDEmzBEUa3ct9QNKqeVevK/j8cWMsR9qmGzAxvq8Nb92S1D43ipobvToGsFvdYhY6sk6jYrkOfqemFwM1mz4eZcabvnYq7351eNb6gt7CZeOXNwmJg6RapnU7aNKOqNRX+keOgDz3xl8T4gZuLSvzCS90t/hWE92CPiVJ+LYIPZnB3UU02gxmeSOBATdhLZiL6eNR/ZOBTLkfynMfdH2iXa+X3rUN8W9agyj4zBHI+uVVPeMCDZIJJ50MeqcMzCNChQoy6FFghhYABG3lR64+deJcRZMxKCsL6ZXA7yMNyYgqWFGtvP542+CcTAsrw9NBst3OZZT8QE3HwONcS3Oa+GcZy170rjo2/8Auv8AfrgF4/IjNMCLVmJ2OncWCb59W69cBnFeKZcKGjEsUoW95p1cD9cp/usV04xOYVAafUys66u8lOq7TSWTcFV97cDVeHC/j/kcT+U6M3ifB4QxKqQCehOw9LP78VJ4ljkAWOSlvSHc7WeYAO/Xlz54cOJz6wZKo3u0QK7fqgE71yxBNmg5AsarF0lJ6Cq8R/SNeXri53G9oSXy0svmC8MUeXBDsNMjWx8AO4Gn8O+wNnfGFlcuHm0klQpYjWOZWyFN+dVi3HmcwCr+JiLZTsK2obCul0OZw3iU5aaEeEiRINQ2AJKJZJ6c23xzbjb9n0w+3v3vikaGXubu1etRvyPdiQfP1xk9vkYZ7MqtlGl1Db8bKjSAH0YkfLBF2O4fG2YknEmo5SJnGkBtZl1xjW4/NBvlvfSjcXa5bz2YVQOS2fxUYYnbSw3UkFzfxHXDQA4sw8R8Dner/fRB+AwQdi+M6OJZeaXYM5jdvPvVaME/Asp+AxgQbygagoJ3J5AdSfhzvE/EFYTum1qWqjQsC9jXWsQbntByuidx6nAWcel+0orKyzJukyrIp/RcBh+w481fDIJOeFhJzxzGVJ8MGHSYaMEbHZnK95Oi+ZGCrjhD8Vu9QSRYgDsKiqKlvY+NSSPMkc8V/Zbkw+bQnkDZ+A3P7sZ2Xn76eCUgffTSEg/pS6yDfpJ+3GoieLMF5O7AQuASztrDWKJGk7Ny2AXlv5nFRon+26IxrkeQKoFAMzVVUNhv9MXEiM1M1ggCmU2WGxbcjehW/PzBrBD2WyKZb7RxGT3Y1McF3+UZfEwvfwqQgPXUfLGrBpDMrDnsrkojqXKxMfV5wpYmvNms164877PTMZ42YksWsncksdzY5898avYSV5+KxSsTesuT6YzMnnAc0ZfdEkzP5AB3LV8rxNqscYyzfaJmFi5XI2PIsSPjji8GmYA1z81YfvXBDnM8pZ+7LyKCTaTRulXzVd6F7bYrZfOsBSR5jrelufzWvPHaYYudyqmvApgCWkKVtykO3M8h0G9bYnnjy/g0l3U+EmRpdV1tRB2AroPSjQq0JzHKqwI5ZiTbvKbfbd1fbTdXflZI2qSfNSsyiRF1WfvkmKDqKDEgfsv6YzZCW1WiyiRsCZF0eKtXIbORqFaib0iiPpsMRMVP44yNIJpAGBBAO+wCk3vd/XFzLj70/dhzp2UHvA1g0O8Yk0SK6nc3WFl88Uj0vk2VSvJFAtRs2vY73+LmNsNQ3WPlYnI+5C0BVuyeIigdjdNTbj19axFxEFczl9Ro1l2JA933OQ61XLE6zFqA1BEUANSmQAjwLqPPnQqv34r8XFT5fUfCEh5eJtICg6idmbY9K9MYrcEPY7w8QRVViJVljbZR93oZizhRt4lU/TFztcunMlxeqTKxvexGweM7c+SkbfnYyeynEWbimWMYYWzIVLWO7ZX7zahXhtviMbXbTSctDMKoLLlyeuzalF+o7z51gPP+BKTmEroy2fJSyqxP97HSF+0/di1vwgdQV20jy8hyqsO7Omp1YmqZLN1trRmJ9NKn64bk6ObSwSC9EUCa5bAc6HQb+W9Yyo04vUvDco6j3Yu6PTxQkxm/jpv5481mG+PRODtr4SbN6cxIPXcI2/1OPP8ANrTHCiFeeFhLhYkDZOeOLjr88OgWyBiD0Dsu32bI5vM8iIjGh/8AMlqNa+Ba/lge4LmI0fLarOiRyyqNwpEek77bkefTBH2kXueFxQ0fvCJWIrYKyqmoc6JMm/KwPPArwbJlyG23Yx0eW8cjG/gFvGqCns3kllCJC+pjShTpVg2pgSa6bA7cgb64f7UOKKojyUJ8EQo+p6k+pNn54n7BZSLLQzcQbdo1MSHkveMAZNIIvwqVW/Nm8sef8TzhmlaQ82JOLcuiSC/2WaYpJs44tMtE8h9SoJr5kAfPA7wWPVMmqtyCdrHPeh+75YJ8xB9l4KF5SZuRb6HukIc/+rux8zge7N/lksXvfy/3WHlRvLNN3kiqRQYkDu0PgJYLW18hiplc3K2olmrQr1pUVs16dW1XQ3ws1xhRNMdh4WjGrUg1KdzrIK0d61MOY64ow5VlZL5SqVbcHwDclSdjsAdvTnj0e52048vyrq7u6qGZbLAktScyzbRjbfnWJRlEUqoex41LFe8XZegYEjnvsCK8xiWXh6icMugKyllSwU18qqgAC1bev0ijjmm8JVpQhJOimVQeQA91jStWr0A5b8rG3cs8RFxswVBpN6Y2KnnpKfiIJHL9+JMnllPjJbS5ZUBY+Baok2RZpjQH7cQvOkV6IYgt6S7+LrdWoJ1hQthRsT5HF6HO5ZYmZSbTZgwClm3OxbUCeZpSCAR12LcFCHiCKNMUO6r4TevuweZckgdR4jtY2raqvFHIzWUYhbAyzUCNO2hqsWK/zxZnmViUiVaoK8iodFKp5im8Qs0bHJeWKudlC5nJyajQGXfUx3pSniYnrQvy2xKsbPYjNn+VI3kUVMJY0NKCGZG03XXbT/a22x3ihZ+H5qIi2y06yj9RiUY/IPf9nFFM4ozmXmBdu7nidmYkkprWzzr3PQbAVsKxvFkh4vLBL+SzAeJx0IcEfxxKs7AXs26iTxcy0ar6EtzPp/0w7IwaM4u1KHJF9BR6XiTI5GTLZlo5BvDPGjmhvpYkaQeZZQSvnY88UZrVgTeok1uauyNgd+m94wow7LOG4fmQAAomXTy3tTufM7DAJnx4jg67Hf8Ay3M3/TKB/cv+OAjiPvHFvYUlwsIYWJAnxd4LFqlUeuKL41uy63mE+OJO4Ju3WYJmzMWwWCKCMc70/cyHntWt25b7j1vP7Lw2qm+U3L/8OZJv4lVHzxoduo9Wbz4Uvq+58K3TALBeofirY+lYHuG8TWGE7+PXY6gJpZWvcdGONeUHvaXJkcHyqxbDSXkA/pmZmmUjoVcstdNNY804XlTJMiD8TAfLrg97O54AjLszvFm2Ip6JjlO0cgo7BzpUg+h6b5fYnhlcT7phujEftrAWvaKzGV4wPu8tHDCPRiFkY1XMmQD+yMC3C5mR1Kmm5Dl+IVvfTfGx2iZpftU7sxLZqUUCAgplC7D3vCAAT+aPXGTwIXMgPTf6bn9gOF7qMMrGhleJbqOlYHmwpQCNiOYXn54ryrGsrKdJNjwqNwbIRgOV03umjup5qAY82ywzyOWRnYg6DdhKU2TzBNXt5m8VwFkfve/pxpLEggBhW+okkm9wtEbHkMb5mddWlCkUgV9gAxskGxdcyAAeQPz9d6GdzkLDQhAVdVayNLMTVgKuzEDfV0rrWJ81GVjeORliY0QdKtsbGoEbhWPO7qxR8QGMmaXuriEMbIFUO+lfHVHUGUmr391t/iNpaaSST+BVKxNoUUS7+ZO2wJG3w63yw/hMnvxiMy2trF71uRTON7AABsdQRtteKIgfdw6wqRqrWB4TuPAluNq574scLyU1M8RiZSfe8QqgRs0iA7XZo/h3xNrpOgecPGEdQDenVphQi2cs1CrJFDb3uvWvm0YzZXSjP3UMBYIploJuTQ5ja99t+eOcRmNaGzes7k1qdSaCi2IBOyjkp+JxY+0taxDTvCju5ejQRTtexPvbEG9fps2aVMw6kNpQgjxE+IMDYBDKdt7sVsP3bvtUYpxDWNjYa/UYxHAcqvhtmSLSCDuSVFkEhjq36fDG/wC2H/4on1OCpe2cSTDKZ5SVaYLGzLRqaLePba2INXe3d9cBObmJs0QSWN7EAk6mA6cyPrgt7Ps2Y4VmYhRfLkZhAfJN3r10F69awIRKWUjmNV0T+JtrB89gN+fxq5QXdiDeQza+UsTf3lcf8mA3iY8RwbdiUVcvnkDA7Zdtq2/Lg8jtz5YCuKe8fjhewoDCwhhYkHHxrdlT/wBoj+Ixkvi1wqfRIreRxIDLtkWGbzU6HaKQI4Y89kVdAG/xO1UMYshjPdyRRGGTVrL3IUqjvbGh4hsR/DGl2/iIlMqse7zSJItE0XGkSA+ZDLfwdcYbcVYxMulQo0gkAA6graBfl4TsPL0GLaCSCYykAvEWAA1WFkpBSuTvqClNhq/CDsDuXZDK/wDef2laXvYTL8JADqH9lgR8sVuL5aOSA5BYFDwZZMxAV2ZptFy35l9wfMkHoMS9kZll4e0q2TFHmlNbNTq0gI+JZvmDjSPP8oCeGy2D78bg8weSsL87ZTjN4R+VT49eXzvp0+eLyOv2V1VlBJS+dsQdXvHYDbrXL44qZBdMiE7bjn0BPM+lYyrY45qfMyLYGnduZAGlSTtsPL6Yp3GtU7bNYUKoYMKqibIq+Z8vXFjjueZZZY5I1OlkJJH5oBFX+E+nMfDGRPmS48RUVyAG9eQP0/6b4VRF3LSFdUyaSNLMxOtk00SQSfEA3MmrrfpjQyXB0VafVLsPygBjvqVT09Sav44DqVaOpiTtRFUN/Im+mHPnJWBGttLGyAaUn9UbYbNCLiHEsvFsiRyE9FACD4XY+SivUYw89xKaag7nSOSj3R8Be3xO/rifKcNV4gdbd67AKoClAC2gF2JsWwbkDQA52QG5rhoDR927OGGpvAAVQVbEcgKI5nyHXAUEK0QaJ3vne3rWHZrNhmjKWNMaRkXz07NfmD/HFzN8PSOYJThdR1W6uWQA+6Qi0SAw5HmPLFbi2XRGXRpoizpJIsH1dj87+QwGjwV0OYylDTqzcIIuxSvHy6j3/wBnTG77XW/7QfjjA7Ir3mdySf8A3Ub/ACDRsf2IfrjU9p02vNkDzOL4Ro+xePVPIpW0ZdLA8iDsQfiDgQ4pJoZkA9xmjurBWNmUcxTbXzseLBcztw/hilbjlna0kVyklrWobDdAraufMAVgKRl0lgCQgBVSdtmS7H6oJ/s+mFBL7PZPuc+OpSFvkGkB3/tDAnxU+M4KuxTllzkjV+RRdgBuXFcgByU4E+JN4z8cS9hTGOY6MLCBr4SNRx2TDMRR5wyUZ7J/ZSV72M95AWNAtyZCegYfKwuMWDKuGfLTxmM7eFkVWDX01b7hzTCxTciBWMXK5po2DKaIwbQdpMvm41izocMopJozplQHmL/Ep6qbGL3Rr8VknmXL8QywqaJFjlTyZQP/AEsKI+NcxjX7E8agneSBcuMvLMpEgBbSbDC1UnSu7sdgOeBzh2Rkil15HiMJSgAJ3kjYLv4XVEZWAs1vVm6GCDgRVs7lQ7wyZgB+9eG+7OokJzVd6IvbmMaHlkMdhRdE1WwIv4mv9j0xYyUdyowK6bCm9iedEgk7VQ2PQcrFvTKtGj0FGlTvsWtSNipO1gE3R/yzYXtt/wAR3rbnzryxnyCF87qzBD7NZMBpbXWAyJTbbgiuWlhe1tjJzUEkptY28IokAgnqWIJ26+Q2xq8ajdJZbfQHEeqw2kpoTqLPy60eoxQ++a6ksqNu7122+nw6FF7mrPlzNjCillIS7BV+vKgPPyxoZlPDswbSdW1NQNAHUAAVPh5gHcXillM0qqRptiDRsirHOhsSDRF+Xzx3LSpqBcEqB7oA322BPTrZG9DbfEaFXC1iEUbaFBVFcWPfkKjUeu+oA30oeQxYysaWe4VO8McnU2VJUtbUTyWgD1PqcZECI3d6QNAGkgsWolpDfl10i96A+ay+XpSHNaT4vzmXSDz321aeXl6414SaEuU4JE+XyAdSJMwZBKxJspE72oDHw0iGiOVdMR9p+yUMMCt4g+7FSKpC2xDfnLZBqwdI8xixwTPKzZCHTYgjd7J2I+8dlqrvcr61yN7P7cZ+MB5CpQNGI0Vvxlipd160qqq7gbkczyQoX9l8OrieXv8A8MSyH+zHJ/EjDuIf9p4np5jXWLXstF5jMSgbR5WS97pnaMAD5avpin2O8fElPm/8cIibtbMcxmZCXKJl2bLwqAx2jJU0ByLMCSRd2B0GBos2Xci/EVIPUDUPIjmOe/Ij0xb4pPbvIhJDTyPz2stqQjb9Jv7p+cLQ0O/MmpiTSjSTyAtt9uZ2rpiUbvZI1k88/K2gUfCpj/lgPzTWxwYQyuuRnaSwZZlUXtfdKdRHmLcC/MHAVId8KODCwhjmEHXwzD354biKWOjHMdwD1kI64NfZVIfti79R+/APgv8AZs+nNIfUYs7pU2aW/t9MANcoC7Cy8tqLO5YaQKHTAnCdx8Rgl4zAozedV+kmZ0XQ3V2ZfERf4V2B5X54HSAH2IIvmBQO/TAbXaWEtmFCmy6xAAityABuel1zxmyu0bmMSDwEjWL2s70RuKPl1GN/jmZpI1mjRTWzgsSyNSkmhzWnBrkVFDxA4q5zg2hVlzDqob8CaTI7km1B9zYFSW8juL5qKWe0yGz3aUCWZCWLsSNyGokknfys3W4w1MtCmkOXdubaCqr7oNKSDe5omvw7c8SFE70tHB3sSLts6qDV27A2aNmyRY8gBU/E8n9mnNqtoQQFNKGAB3D6iw3F167jEVBmBLHaASKrEmipWwbAtCTR02OZ67nnieHioUBBGtVRIYrqcgKWLbaRsARyAvzNxwcTlLaVUfeV4QAQbNmx5E9Ntq+ONDhnATMHllZdIcRAqHkLSHuz4UjA8K94t2ReqhgOTcQ0yII7oeI0S6rzAP3Zpud9PLzxT4u7Skyd4GjZ9I1HdRZO45D6/i5Czi/Jw6N5HgHeqY21ue6jiiRdvE4LalBTlZ3sbbUFmez6ob75gleIuE6EDwlnCOo8R5g1WxvF6o1vZ2oTKcRk9IUv/FJ/hgf7GZvRnQ1gE6q6eIg6d/jWCXgkfd8KzT6i3ez6QxAWxGg3ABIq3I+Rx5vqo2NsXsNnIZcSIUzExhEICgMh94/hIUWCKJ38/jifJZewIYn1OXNaG0q60CS1iwoHO6A9cerexuafNZWV8yzsiyaIyAqKAFBYUgA5kc8YXtlzxyzxRQhdMscmosNTDcDwt05/UDGdddtbmgP2oz66Y8vGwKQroBAoMxJZ2APIFmY/PAycOdr54bhUJcLCGFhEJ8Mw98MwCw7HMLBXcE3YOSsynxGBnG32TkrMJ8cWd0rc7XOY83m111300gbQfEIgS9NVWWtaBva/PA1mYgGC6wV89jXTp8MEXb7Lf95TsxpWWN/WzDH067g4HJRbDSm5PKmsk1W3Le9qwGtxubVl4RqYVY0Eab31auZ/OrbnzxnrldWgO6qOltqatugJA+dE70Dtc4ymYljVwNSqrMqjSG0AjU2mhrUnaxfuG6rHcpAs8fdqVSZBaXSiVSb0X+eLJUnn7vkQVfHFEXu4YCVQlVbmNdsLPjWxfX/2A1faTlE/laYMQqkxsWrkCiWOY/aR1+eP2b4es2ahXXX38IYePcd4A/MDcAbg1sSehAJvaeVzGYgdTpWeKy1avFG8qnavIR72Nhggchy3cxyFYmdWJUOGINGgppd6skDofFYG+LPCPCj6VY6SXtjbE6FDigaFMsPPf7zqN8ZTQ5WOPT3sjScyVFKCAK94AnckVsRvvXOScNlpKiZmjlCvGzbMUbamUGrJ2P6uJBybOPoVFdwo6BmA2OrofJ7r19MNPHZ9FFg12Szqsjm6rxuCaqgBe1YiaUMoBFeVciDSgfRj9MUZpPAD+bZ+POvpWKD3iblODZQE7yCSU+peRz+6sebHHpftHi7jL5bLj/woI0+YUX+28eaYUe9+wXOA8Omi6pKzV+i6it/1lf6YEvbytZnLD/yWP1f/AKY3f/8APb/d5pb2+7NfOUH+H0GM32+yQmaAAkzCOiPwiIsxBH6Wq79KxJejpxMeW6+pf2SvJDjmOnCwYJccw5cLFiGPhuHPhuIFhXjmO4KdjS4A9TIfXGZi5wtqkX44RBh7S3AzkTUPFloSdr3uRf8AlH0wPQtyc7re1aGOs2AVApudeGvLBH7R1HeZSTfxZYDavwSSb78z4/2YHsrndNFKMh5mQxgDbaiw2Hz8hi0bjwoyurJII5DJqYAvpe0YPpY3pBLXYX9atxhRQwhXVmbWSVAGjSAOTMbOqz0G1D1vEp4TmGQSCrdRIFtkcoxIBpwLFigAd7FXeFmiX+7rSEOkoe7jpup5KCQRvZs+e9goh7DZUpm2mldC8WXnlC2C4Ij0BpK2VvEOZvc354j462rI8Odo+8ZlzAssyhQsin8NE2GI58vXcT9ksgI4uJSEG0yhQGjX3jb79fyZFgVz3OLs7OeD5DR3YIllBLrGwA2JP3my8uY36dcVAnlezcj/AHkrpBBZ+8Y6xW/uC7b3auxXU43+JRZcRQUzmIwkK7Wj0qsoehG3vMqAHTWkHeyWGdPnGgZWEnfylQ3eMNaxggBe7VxZYgqde3OlAskyZnh0jMftMgklKAqkrPAF1AnV4yrEqEOwUpVb8gcqzpMkNJKo7hVQqHIjNMAzSFBZMZvZgR8Cbqhmcosk6xRaakZUGklgC5C8yPXD86yoyhGNBAK8JIYc9VKobc3ZBNHmcTdm42Odytjf7TBt5nvU6XioK/bDODOVHIGvptjzfBv7UpbzTD1P78A5wpHq/sIzKrPKp95oW0786dSQPM0b+RwPe2HN95xOQf0aRp89Ov8A58DnA840bWjFXUh0I5hh/sYn7ZcQXMZ2eZb0yMrCxRHgQEH4EEfLHPG9bHt9Rhvh4cWdrNX6uPT/ALOrFOOY7jmNvG6nPCwk5jCxYhr4bh74ZiBYQx0Y7gEMTZVqYH1xDhymsAddtyzRZFwLHdOvTYhx/Bv2YwY4SV3ULYC7MvjN2dW9g1Xw0/LER4pmMwqRBO9EYYKEjLMNdXen9Uc/LGhF2f4pLdZLMm+phdfoWAoYofHOSqqcuplUFA42NVZcsPGZBWx1UATYNnFeJSgY6wW+ILkrX4iCQB8CNgemKPEkzWWdoZg8T+EujbGtmSwNq5EYprm3AoMawHovZ0AcO4o+nTfdR8yeQkIr08QArbyxTzih+B5ZiL7vOMnXYPHKd633KjAlBx2dMvJllZRFKwZxpWyV5b88KLjk65ZsqGHcs4kKlVJ1jkQSLGAvxZjx6hpJ3BGhSCtVVUaFADb3RVVhvEs2NKIkagKS4J1MQDVIuskCMdFHzJNk465pwbvf6+nXHRm29DXmAfPz+P7vLE0q/HA++pGbRRKnVtq90nqAQP443uw0X/eGWAB1LIS2xHurIxLWdqA2wKPxGUii5ry/ZibIcanhkWSNwHQEKdKtWoMp94HozfXFRqdvJtWZbA1ifOZt5WLyHUx5mgP2DEGFV1WIII5jEmZa2uqsA/sr+GIsdJ/y+WJrrtuZ3kuHje/9m4WFhYMOpzGFhJzGFixDGw3Dmw3ALDsNrDhgFiSBgGUsupQQStldQHMWNxfKxiPFvhTRCaM5hWeHUO8VTpYp10nzHP1qtsB9H+yXtDHmslogy5hTLVHRYlS5BZgpZmbSLXcknxcsVeBduH4jKseXzeVgZtX3PczZmSkLW3eao0AKgEWp59eWNDJ57h+Q4QczBAyZR17zuxet+9KoPebm1r+Llgc9k7ZLM5ufN5TI/ZEhiEP5TUHMh1EleSFRGOR314oze2XYc8QmzDxcTGYzOVUCSJ41Qj3mChowAPIbN6nyg7O+z7LJPlIczljMucygkYmZkeGZPHKQqUdP3kKDfmDzs4M+IPluHTplMvEz5vichLyHnpZmMrs/6ILlUG37zprKq5/OZlyBHk8rHFfRb1zzfDwdx9BgPGvaP7OGyAOYyzmXKlip/E8LXVORsy6gV1bUaB33NzsH7N0zWROemZ/DJqSP8EkERHehqprapFBBFUDgj9kzPmuGcS+0NcMskux30tJHrmr08amvOz1wb5GRcjkni0FY8lk1YsR7zhHZxtsSNIJrrJgBbO+yjLy8UWQRKmS7kO0akqrTglQq6a0qV0saPMfpYG812H4fxHMuuQzeXyqxEwiKjJJIyE6pAGlBIJJAIuwl9cFPGe1jw9nIZ/Es00McCsaDGRl0s4r9FXcfLAH7CeGd7xLvCPDl4mf4O9Rr/wClpPpiCbifslWIPp4rlWdASyOBERXPUe8bT8SMC8XYXONDl5lWMpmZjl46kU/eWwBJFjSSjUylhQvyx9B5Z9X8o5oR6z4oI1VdbOmWVgV09SZmnFddsScJ4WsEeQyfMwR6zy3MSCNj6EvMD8sUeIT+yDiqqW7qJqF6VlBY/CwBfzwCCJtWmjquiDsQRzBvlWPpT2h8VzuTy8uZy+by/gIIheJdWi1DUxk8RFk8t+Q3rHz9DmnnmlmkOp5CXc0BbObNAbDrjGd5cbXp9JwPf42PDvlRgybMxB2rmf8AfPF/g/Z6XM5mLLRldUpIVmNLspY3zPJTyxCpeR2pqXl8vT/PF6Lh/emOBTp7x0jDHkupgNR9Bd45e5ZlJfx9Oeg4WfAzzxl/jvWV868SfH38ini/sbzkERkE0EjCgI11qzEkABCwokkigawP5v2dcTjEhbJvUShnKtG3hIJtQGt+R90Hkce6JLlJM3HDG47rhURkamGiOQq0SCTbmkaynbldnpin7QO0sMHDjMyzI2eQRqAUEqhoyepIUKt2Be7mtzj0afDfN6HlhYSdMLEga2G1jfPYziP9QzX+BJ/lhfzM4j/UM1/gSf5YDBwsb38zOI/1DNf4En+WF/MziP8AUM1/gSf6cBhYRNDG8OxvEf6hm/8AAk/04fD2R4irK38n5o6SGowS0aINHw8jgPSPavnmy3B8hkH3lkSLXyACwKlih+mUr9U4zck/2LsvK42kz8rIP1WJQj/Dic/2sYnbGLi/EphNPw/MLoUoipl5qVdRbqNzvV+SjEHEslxefLwZV8lmRDlhSKuWmFnfxPsbaiRe3M4o9yfKpmM3w3ONQ05eZxZA3kWCqv8ARZ8Y3D+0nC8xBnEzOahjGYzEveI0yxu6KViXkQaaOJN16HHjfEODcWnEYmyudcRIIow0EtLGuwUUvl15nqcUv5q5/wDqOb/4eX/TgPXsl7QeHDMwZHKLFBkgxaSZvuULKCyhbA2LhbZqvl1vFiTtW3EuGcXY6FjRpIISLFxlQEZyTzbUPLnjxg9ls9/Uc1/w83+nDk4BxBQyjKZwBtmAhnAYDcagFo7+eA9G9t2Ziiy2RyETqRDuQpBKrHGqR6vKw5IvnWKnsW4tk8nHnMxmMxHHKQFWNnVWZEUv4FO7Es1bX7uPP/5t53+pZr/h5v8AThfzdzv9SzX/AA83+nEHuXD+08JHDcnDm43lkcTZlonGmgks0oLA0NUwFrd0SCN8E2VlabN51kcDuY48shO6rKVMznz/APFhv9THzKezuc65LNf8PN/pw5uB542TlM2b53DOb+Ph3xRvdufZ2/DY0lOZhn1NpahokBPI0WJYGjZ6GvPbOfgs0GSTNFLjmBKsKIBBCU1e6bI2NXv5Yzf5vZof/R5kf/ry/wCnD/5JzoQp9nzYQkMU7qYKWGwJXTRNbXzxnLHmmq7+n9RlwMrlj31Z/W/J2c4JJEkbg2JEDqVIIZGuqIOx2IKmiK3AxtcD7MyyZdpZQUy6pK7SkWv3aliq+ZJpb5WetVix2X7RcSyKd0uSaaLxUs2WmbQJCC4QiiAWVSQbFjpiDtJ2j4pnYlhlhljgUKBFFBKieH3dV2zVQ5sRYB54xeHb3r0cP1uPCm+HjrKzXfp92T57edfQORyAQCQGFMASARzojqLAO/li5xDi086xrPM8oiXTGHYtoU1YF/AfQYaeFz/1eb/Ck/04aeHTf0E3+FJ/px0eBWXCxZGQm/oZf8N/8sLFg+ycLA7xPgbu5kEgUbkg36eQ9BjOiyiCN1MyHdGOz0KL1e10SR9DgDK8K8BsWUjCvcy6ZPCKV7G6tVafIjDsjlk1K3eoatfdfmysARa+jYAxvCvATBDEO8HfqS6hR4X2Nqb92ug/Zi4rRg9/3yhKVbCvzQo5vw+SkfPAFWFgUhCId5k8YsCn2BZlv3flv5YpTcPAjVjOgV/d2krw3dCr9flgDjCwIHKgR6e/W1YvdOBpdVC/hvmvLEOdyyuzSjMIquzAbON7s34fKsAa4WBSCNDKh71LUR7U4P3N6q8I6qfpiDJxosqHv1IUFQKks73+b8tvLAbfaHIzzBFglWPS2skhjbLvGpCkeHVud/wgUQTjJ4z2bnmkmdJFQSw6PfcnV93YIAFJ4KFGxrc1bbUEyWg02ZTUppvym+hmD/h8/j1xemjppSZ1Acll/KbDvA2/h28IqsZuMrrhxcse3hYzvBs2X1xThSUjRhbKG0B9VeFtBJIptyBfPq3JcM4gJE7zMqYw1tpbxEVF4d49wCj+KwT3hNDFM5bTGiNOmssXvVJutVtS+YbauuJJoNMSRGdAwYlt35MCAB4d+RO/lhyw9261qfibMcMzoLP35YWSoWmYAu/hUMFAHd92OdimIs862V4Nn9KsZyGJSRlLgePSitZVCOeskDYkDlzHcxlz93c8Y+6Qc33bcX7vK1bfnhj5R2iBGZj21AtrcCzyqx5A/tw5YvvX4n4mPDeJrsuZVvEptiLADPqAqMCihQfEdOeLOXyWfXvg2YDExgQklRT6RqLARbHVq33G48J5CrxDLMxJE6AEh71tspUAch5gnC4lG7yMRmEUWdtbCgGa7oUNvPkRhypeLb4n4enB86VmZp2710jWOpANOiSRyL7ugShRS2nffblhDJcSLG8wApdj4e7PgMkWnSGi2qLvtjfi08xzZxGBtNd+ikII28ZFSKBfT1H1GHtl3Mxfv0CvrZR3m+kqy2B6MR9MOWHvX4n4l4fDxBZQZZFaLfUtoLYlRYIjsIAWIX3rXdiDhY5w/IZjUjmQFbDGnZgV9OhH/TCxqTTGWXNe34t8V4+I3kiaJiABZurDDpY9axmFoDpUo9ytoPjX8IjN3W/v8x6+eOdquMdzmAvdRyBlDElFJQa4o/Gei07Nqo0EO1WRZz0vdsgVYUUWdTxIQSKooVZaoBeh6eWDKq0kVEGNyA2okuLLEKL93f3RiWWSKIMSjkB25uLJjIAPu9TKT8sMXMsWAKwcyCO4WyBRofec/wDPE8XEFeWtCuvi0qEiL2aLVv1rfzr0vAVuIQwRtZjfcs2zqACrOOVcjpv545HPl5AkHduFL7Uy85PCb2+OCmPJxsAWjQnfmq3zJPTzJPzw9chEDYijBBBvQt2OR5c8AKZ0wErcb7RoAQ4FBvGPw8wSd8O7yGUpCUkGgSaSHH6RPNf0CB8cFLZGI84kPT3V5Dl0x1cnGDYjQH0Uddj08icAHnPxOpVopPdQm3ANIdh7vPEypBIkK6JAHkZB41FWULE7b/D09cE54dCd+5jv9Rf8sOGQiFARJsdQ8K7NtuNtjsN/QYAT7yFJiojkvXIgtlUXbgn3eR1k38MXeD8PhnDMDKNLUQWUgn+75fvxvPkIidRijJ8yik7896xLDAie4qrfPSAP3YDEz3B49ZbTMSbPg0VbEkkX6j9oxyTh8b0DFPVaeUdAHr6VggwsAMy8OjarizPhWgKTzJ/j8Kw/OZSMkllnGwNDuxY3P7zv8BgjxFJl0Y2yKTVWQCa8t8AOZnLQOE8M3hUbgR3QJYAk8+ZxJluHRSDugZgPeshRsLFEgetfLG59giqu6Sv1V/yw6LKxqbVFU8rCgfuwGHxLhUaL4mcgrpoaSaVWO19a/cMY8mYyzF2+++8tjQjIGognr+lg1mhVveANXXz2OKn8jQf0S9By6DlgMLNGB9V94pLazQj5yqprn5UPnjuYjhjjWd5O7jRK1OygAN4yTv8Apjr0xvNwuI84x0HXkoofQAfTA12l7PnMTQjve7y8Nl4wfE/hQIFvkKuzzrYeeA1+CcThliUwOsqCk1K6t1070fPCxg8G4D9nzZmicCGWlMPLS4ZSpUeVXzPMbbEALFBuYl56RfwGOdwn5q/QY5hYg73C/mr9Bhdwn5q/QY5hYCRRWw2x3CwsAsLCwsAsLCwsAsLCwsAsLCwsAsLCwsAscOFhYBHHcLCwHMcGFhYDhxzCwsUf/9k=)',NULL),(22,'nextmovienightmovies','![](data:image/jpeg;base64,/9j/4AAQSkZJRgABAQAAAQABAAD/2wCEAAkGBxISEBASEhMQEBAQEA4SEBAQEBANDRUOFREWFhURHxUkHSksJCYxJx8VLT0jMSo3Ojo6FyszODMsNyk5LisBCgoKDg0OGxAQGismHiUtKystLS0tLS0rLS0tKzcrLSsrLS4rLS0rLTcrLS0rKystLS0tLS0tNzctKy4rKy0tLf/AABEIAQwAtgMBIgACEQEDEQH/xAAcAAACAgMBAQAAAAAAAAAAAAAFBgMEAQIHAAj/xABCEAACAgAEAwYCCAQEBgEFAAABAgMRAAQSIQUxQQYTIlFhcYGRBxQjMkKhsfBSYsHRcoLh8RUWJDNDkqIlRFNj8v/EABoBAAMBAQEBAAAAAAAAAAAAAAIDBAEFAAb/xAAtEQACAgICAQIDCAMBAAAAAAAAAQIRAyESMQQTQQUiUTJCYXGBkaGxFMHwFf/aAAwDAQACEQMRAD8A4ecYxf4nkDE3mhvS39DihgpdmF7hOa0OAT4G2byo7asORyEmgvIhEUtAX4QdQC2OvO9/MY5/hzzPa1s0mXiZVjGWSNUUMW16ZGa7r+YCvTBxeuIyEqYvZrgs6SvGYpNSd4SNB1aUXUxI9BzxrFwfMMyqIZCzJHIBpIuNxayX/CR15Y6Dne2MzRtMkUX1pZHd3de81Zdn1NHpOx5KCa5KcDOFdrpMw7ZbuoUjnghyqtJI+uPKx5ZYmjVqN6tIYCj4jsNza2t0elHiKOZ4PPHq1xOoVS5NeEIGClr8rI+Y88Sns/mgYx3LgyAMnKtJUMCTe2xB3rzw4/8ALmdlUZKIJHlcxNE6s5mUIY27inDKGsllJFVsCBtgrwnh82YlmgRY0hljgGcd+/jkkRFEJKK3IAW10edWRtj2kZFNvQL4fwmfRGWiYAuFN6bOqlIAvfnzGK8PAM1GQrQSDWzKh0+FmHMA/L54feM5ZoTlcuNCC1i4fFrlLsU0mMOw+7Zqmvmd6AvBnNTyaQjtEI/DDEwDurSSrs19CKI5CuorC81PZ2vC8meNpfQ5rPwiaMrrjZS96eRJrn19/lip2jyE31ehG+3jbwnZFUHUfgw+eHLJ5FpJoxGyMcmygO2pVKkyyliPK7HxHnhly+VlkhEUiQhnLgagWbToZhGSRy0llu+XkReJYRi3Z1/O8yfpOGt9+3/aOK9muBzmcHunoCS7pRYUA7kjqV+eDOcyjd1IiqzGQsFrckqCX99heHDRNGZJpykhQS5Ve7EilYkaNmiDbbatwSN7PQ7ZyfDX1SKqqzZYu6sO9dvto9LDQo8Wx+fOxtitSSZxY45+lbSo5VJ2fzAkMZiYPRIXb7oNE3de++PQ8AzBAbunokgbb7XZroNjvy2546Jk8lPLmc3KzoVhaVGMZYRAMxZlSlPqSCOnnjEMbyZ2RIkhbMLl2g1gyJlVi7vuVAQjdrZFs7HVdAGxvOwHglZzmTgc6qWaJwoNEkUNW235j54kyfA5C9GNwVkMVaTZnFXHy57jb1w+5zizLGO+RC2UWGb/ALgVS7oix2hU8iq7AgbdcQQds6RbjVpNbSsyWqfWjHHEsoXzCKR13e+Yxia/E88bXaQty8OkVSWjk5Wq6TZBIAoV5lR8RhX4hlpEc96rI5GqmBXwnYEfn8qw95/6S3DuBAjL3QjGp2BQ2gZlNdQtfGwdt0/jvFY51gWOIxCCNo9TOskr27MGYhVG1net+Zs74NkWbIpaA+MYzi3lctY1tsg/M+WNjHk6JyOKMAW3XkP649jM7b7/AC9Mew64rQVDZIqOCrUVbr0rowOFnifDmhb+JD91uh9MTcP4h3Z0NZjJ9yp8x/bDCyq66Wpo3Aojcb8mGAlsVFVoS8ZVq3HMYvcU4Y0LUfEjfdboR5Yp6cLGJDRwvNBgrj2cc9z0ry/vgdxOFsrPri2VwxjsK66WFNGQQQeZ2PQg9cU+GZvunvcqdmHWvMYOcadXy7EkbFTF/i1AN8/Ly3wTdjftRB0PHc288UizP3ylEiZQqaRrDBQAAAL3qsdS4VIYtVaY2VFT7JI4kPhpiVVQLbxGwL3rCB2MbLqHZ11ZrURBqYqigqBq014jz6+uGcTumovR23As/ocS526pHR+GeOpSuXQR49xiYKrhyaNGwrMAU02rV4TpvcEE8sZyXEpGhUF2P2rSi9/tDvq/MfLFGGN80rJEpeQglVRSx1Kw02N63K/PBDs7wvMO3dS5efLEKTqliaJdN8wSOe+JZSfp1vR3OPj4s162uirHnGEjBSR3gqQjmRYavmB8sEZs9Pq1s7lzsx813sVy5E/PBX6vlsuAAty6mDMfE9cxX76euLM4idRpHiH3rAxI5fRsrn5GOTv09P3YDzmdkYgE6kKi9SozXQUnVV8gvXpgfxXiM2jTqLLWkgBQWWx95q35De+mJOIZsd93SFGAQt1JBtQATfmW+WF7jXHHhIHdoSSBRvl16+2KcOLLV7JsvkePCNaX6Gn/ABLMqAIyYgpLKBy1kUT8tt8CMxn81b/aSKZCpkKHQzFSStkV1PLl8sXJeOnTq7pK/wAR/tgZL2jX/wDCP/c/2xVHnH7pzs2Xxpfan/ATy3GM5I5LOjWDrLZfLtqF2AxKb89r5dMQ5xdKvIQL3AFBQWJv7o6ddsb5PiwK/wDaAv8Amv26YocR46rNWiwuw8W19Tyw5Sml0SSj4q6kBHiNkncnr64hdKwUbicZ/wDGQP8AEP7YzlFWZwoUgfiJIoAczjy5NkmTFh+7Mq8NyBkNnZF3dvTyxc4g4AGwAGyL5DzPrgxnJoo4wqjSqjbzJ/i9cKmazBc306Yp5KKpdk8oqC7Inazj2NMewqxJYnQqxVgQQSCCKa/bFvh3EjH4W8UZ5jqPUf2w/cT7GmW9cia+jqpBHofPG8v0R60RsvnFcsPEjxFCHAJIsMf0w145gerFgWFEkjpiJIm5MOanz9DhZ4rwxoHo+JG+4/4WXHR+FfRw6BwM0fxbd0VQMvQqTfxwKzHBZFDxTESRm6BUqyvvTBrOMcJBrLFgv6Puxh4pLNH3ncCGMOZCutdRagpFj1+WD3ab6NZMokY+spMkniDBCulRp3K2fM17Vh3+hvgcUGXmdJBLLK4u7T7NfugDfre+JM/KzcTllAK9xDHBDsWBZlElfHWd6vauWCjj3sxZG5UhV4P2Fhm+sy240xARmtC95p3cD5fnjonAcsgy2R+rZaOTvEVp5HXU428Q1VzsnmemN+DCOLLTQ5lVjeRmY8y2h1oG9/UVhKglnhMoys8keTVyGawSpIsHSQdz57fliTJNeo0ujoYoTlCr3f6MbOyk6QcU4hlIkXdIpn0VSyk6WXVXkVNdKNc8MXG89phkL1Scz11AXX788LfZONMtkhPsDNcksrt4iWa9bMefQfHA/i/aOPNRNEJEQSOojkktQ4NKWAI6bivT1xHkfNjfRfqW/wBTHCM7CTPmBoMsYDRRysEDb8j/AGxt2j4lHLl45kVUzJQmWNTqjHIEauXt7YX+J9n5Ms/jaJ9QLALs2kMFuviNuW/pijnnYpoHhUb0OZ+Pp5YJQjGPGjpKPPIsqk/pQPyJBmkajQ0bn11GvzGK2byhzEzMRtGCB6t1wSyxVVkO1gLZ/wAKgD9+uKuSnCITuSzbAWWZmOwAwPrSqonRfi4nub/EAcRyBUFf3WFoxWwHW8POdRifHpU3y+81eu4woZ+LRLudib9KvFuJtrZ835ihy+TotnKSBPCCSdlrbn1xX/5dzGgOVABuhqGo0L5YOZOUyKqrQ5Dzaupr574NZ1tIXVy7uRD4WWtRQq59ip+eKo477OfkkhPPZPNWo0DxGvvDY+uCeT4FMhYIAwFKWBFM67t8ATXuuGfI58TRhY3BmPgZzXg25qvnXXz5+WD3DeFBQqrZCChzY+tnrvzPW8Njhg+idZJROVcW4Zm38TRPoXYAUx96vAGRCpogqRzBBB+WPqXgfZVZCskgpVIOnkWIN0fTCd9InYTh5lzPEJsy8aZiu5iy6I9zqNLNZ5g1y253fQJyRinUQ03Ls4Tj2C0ORAYii3lt4qvnWMYz0mHxO3SVZvFnhzkGRQSCAHXpTKf98U2PiJ64nyjASepVh+WL2jmxLubzKMQwIGr79DSdVcx/fCV2uzTmCVxZWMooYnxBJPCo+BDfng1PJRYDrfvvywo9o5gqyliSw0nTzBJ5j4X+eJ5qinErY7cOyEmSy0LpICpRSHTwnSwsLWJ+ynH4jPmjmVcN9bSVHKMoJXKwotiv5Ti5wWaGLKZdgDJIkKabdphTLuAzE7UeQ8qwq/Wrna1ULOFC1uNayyKw+Wn5YbLcdhR7Nu1XHcxJmJJ1YRIsbI7D7ojaqQevL4t5Y34AdUBVKCMBrBG+4FAeu9k/3wsdo30zFLZR4TEOuu/vk+gHzw5dh4VGVaVzUYm0+bsQAXIPX/U45mVKzq4snGJB3rywyZd2MeWCiMFhqZSCWjsAbi1F+mF/NcJd/q7xss5idtKxssif9wEEAX6Y6gO0fBWDAhQYYpZWDROrhEIDe96ht1s898Dc9xbKtpgy6MsWbPdLNACkaO0YPi0bkgMNifhthPppdMYvJc/YXuCcIzGYzqRTa/GweVSrBoo1GoliRtZ0gA7eLlh44l2KythImdZGGyCpf8x8h8fbAHtBmm4LAzCRZc7PphgIRUjijBtVEe43NEk/qN7fE+L5zIZHKyGvrU8ipmpptDJ37MV1MoPJedLtQ9cM4xapipZ8ikpQf5Cf2z7PzZHVr0FJkfQ0ZJGpaJU7DoB08sL3CM4G+rEUPHpseJlZ0KB9I9TjpPGMrBJlgc00mZc04zjnU1k6VdIwoAiJvbpqvewSmR9k5svJNGmmeM+OJoXDAX0ry5b4X6ST0WLzJ5IVNgTicgUuWtaZrBoeO60gegoVhf47TokgBWtiGABvof354Z+0oCpEsgqcl5J2NhizEFb38ienveBGfyurJhh+BiW/zH/+flhsERSjoFQZ5tKV4StW34vK8Xp+KyadMZL6vv6jrJP8V9MBsjIAQGBZDVgc+fMeuDj8LeLSRcizANCVFhuYII6G+d8q64cpaonq9mOzMMonLrVAWdiBtyFY6z2d4zl4173NSLABYCbvI59AB18hv1qt8KGVysWRiaScrJOAndZVFZkZ2F6WcMOQG5GFGSaWSVUcap5HpXU7aidkHkOX64NOSVC3GLdnXO1n0iB9MSLPl8sbBl06Wc8gt9Pn13wlEz5+ZUUM3JI1ALKiKNJNfCz6nHQ+yH0ZBVWXPP8AWSUH/T84wCORPX2G3vgjPl48vnfCBGwhVAI1Cr4kHM/+1f6YZCUVpA0AuDdm4IMvH4BJmHL985H8LsAK+Q+GPYK8PYKmnc6XfbmfFRJ+YOM41t2e5C87Uee+N4ZadT1sj5isaMnLzG39sRSnTuL2r5g4rZz4qiLPHQ5bqL+XlhR4vJqEhNfccKWGqrUiz/fzw2cXN2aO/wDbHPuNcROp1VSVW1c+pFGv74RmopwdjxwbOg8PgUKSVUG2YadR3Iu/yA96xQ4cszZtSwsVrA/DvpWgPOwxJ/mwA4LmnjiAS3WgSpNpZ3Htg5wrjIbMwCRO7ZWABs6ShIFbeVDn5YXytUVem1tA7t0SM3RtSAdN7Cjua3w//RDm4/qR72iXmkVLrSSUSwPzwnfSzlT3wcctK+9Vtgt9HLf9DHY/+6k/JEF4lnH2GxfyhrtnLHDHIjIrs0MqR0FLK0nd6TZHQxkbfxfOnl0y3DsnknzAIZW71IdAZ3zTx6mBbZlIJQWD05G8WDkXl4vl0/8AGNbsXGuMBQWJo/qdunXCR9LHGPrHEGADL3NgqWDLqJBDADl4dFjzGFxx0N52qQJ7QcRlzks8srszSSawtkqiEsdKjyG2Oh9sc1JmeB5AsriSM5dXZlIDEoao9eWOUZGS2IJ2ICk/i3Nbfnjt/GOMtJlWyj5NlyyZUSZXMCSNiO5UaXYchyOwv71dcE6Bkvogf9HXGRnMwkOYL9/FFMI3BAUxspLBx8G36+HlW++Q7TZfJ5iRVhjzAOte8htdZW1CFT4efNlG9XR6ofZ/iX1fOiZrZHtJkUkaoCul1v8A9sPnaLgsRGXzWXREhZyjIuzDakFf5TvgaoPbtsrdpOyC5iVjBNFNIyM7tGysplVgGBVb0c1o1W+9YpDs4U4ROZFkjcMv30Oq/PTX9OWFzOcYlyubLwu0bqeYok15g7EYf+G/Sqn1dVz0InRhpdo9DHT5tEfh19cF0LfJdHLMpwsRiM7SM7JqQHZIhvbHoTv7Ab88NHBM7GhnifxZSaZPtR96GWiwcHqtgA9CCD0w0zcD4PxFQclmFy833u5ZtJJPQK55+x+WAma7EZ/KiVyqyQAAcwsikutnS3pe94OCV7FzlqkCuJ5CVs5FG5C/aLE0hFJ9oRpc8ul0fX1wR+lrgeUyUOSWDUc076mdmJJjWvGeg3FfPF7N8ZB4cWeAr9WZInd1ZZC+ktCx89xf+XHPeJcUlzJOblti76F2tEUbrGo9r/Mnnu/JL2F40zuH0d9s42yJGYdVlh13v4mS7U1gNPx/6zLLmEsL3yxhgDp0CMV1331b+uFvsR9HU8xgzE7lIJnX7LV9oU5i1/3w7dpIEy05ijASLuwyrXh1sKstvvscBCPzaPScUmE+yCLpcsurfY8gRZN/nj2Nuzm0MY81JFCxs1V+mM4Kf2hcXoUFO7bD+mK2YPPFpT9oR0sjEOYjonFzIlTKmdI7tDzJFfHCJx8hbLfdsjw7OCeeHzOrcJ8xhA7RglnZuQQaf4bawT61Q39cT51opw9lCB5WVI1ATYASjwLoO9N0xNEzpPFbBtDL4hupH76YLcE4zlfqYhmU6hfIG9Q5MGA2OA02Y1u2kjSvK6XUB196xPLSLUzpPb5Q2TimA1akG/OumLH0X5UHIwk7Bs5ML6VoT++L3BkGe4NIlAvEp9TsP9sWOwnCn/4bDENnOdl38hSWfkMA3YF0NnalYslk8xmAup+5EfPSzqTumroP7Y+Ws1O0kjuxt3ZmY9SxNk46n9Nna8tmfqETfZZZVEtG9U5AJHwFD3JxyUnGDMfRd4W3iI8x7fnjqyLCOz0qiVzMvdsHMUyQhjKPsVcijtdkbfLHIMo1MPX9MdHyHF1HAp4dbNKMwi6TyEbNqWv/AFJwqQy2AH4dMgcsKeI3Iv4tBcjUPMXp3/mGOx/RvxCLP5JoW0ieAgOv4mGxSY3d9RfuOuOO5rijOI25N3SxP/OFQLv7qF38xeCvY3jhyOZizS2YRSZgAWe5YgEe42PrprGw/EGatA3t1l2jzcysCtO3TyOFgZwjYcr68jjtv0wcHid4cyzhMvNG/wBqoDr3oTUnwahv8ccIcfrgjVK42XjmdqUVXNhd3yAw58E4zxIRyR5eRpMuFXXHMBPAsdBqprr3B/PClmo1iLRtzj06h5yHnftyr0xfyfaeSKF8vFYWWtZFAlSOWNi17gyR1TsZxiDieSzORnh7guFKmN7jl0tqpAxJU7crPO76Y0yPZ/KN3GUApMtnJubK7gTKGQFqF8x7UOd45PBmJbFStGu1aPvD2qq+d4MZczICkJfSrAu41PIXIq+vKyL9fQY2bVoCMHs7nkHOVkXLqz5katQ5M0Km99RIvkdh5HrsQ/a7MM85jkCq5hUppB0kAsbs0fy9OYwI4X9cOXZXiZCykRNLIYZQKFsDXX/TCw/GM3mM1DBObkhDqDWl9J3Kk9f7DDI2nb7ENex0STMCLLZY7ranl1vfHsa8Vjb6vl9C6qG923MEX+X7vHsN0CuhfzsZWQkX0/LFfNsdXuLwS4mlE4qzP9mrEA0a+H7IxVJkEEUGfwG/5h5nblhE41G5Q6hX2gHP8DdCK9PPrh8eYeIFVsUcL/aDNIutiitakqm+5G7E/wDx+e2F5Notw9innOD0quLUELa8/EQdx/bGkPDtyCDY99/M4YT23+zQLlINSAanfUy2ByAv+uPSduXbSTlssSOulxt88RuvYtVj39CM0glmiq4WS2J6NWwx1iPJLDE4hQA/aOqjl3hH9aGOZ/Q72nTMTzxd1FC/dhwEDKSAfFzPLcY6yzgCydsLYmXZ8g9qMhLHmp++JaUyM7seZZmJJ+eBMa2euOqfShxaNs/KqxQvWkMxBvUBveE/IzamIEUYJG1J187OPSeh+N2UcjwWQnVsNrA/FfQYZeE8JY5TNjUCxfKb0dgGk54t5R3GnwoWNfh2vlQH9MMnBcg/d5gShV1GA0AAaDNz+eEOey6HjOS6EvKdnJHANNp1BNVeEOdqLeV8sXsgDkzPC8QJmgeIqxbQXYnTL15AjYeWOpiIHJkKFCI6HuwKWg6km8Ce3GSQt3bKO+MPfJ+FdC/eRaBINb8qNVz5i5Oti82NR67B3Z6X/iHCMxw2Ut32XA7l5F0toJJibT5BqXnyIxxlMu8co1KdcTrqVhts3LHZczmZspPw8ljLHMioofSziOQgKNQ5rutH5gEUFz6Svq44jmAisHAjV2V10d7oAYVQ9bIwyE+USWK3Qi5sFZHkKrI0js7arI8TajtfrzwZ4pwmH7LMRL3SyRKXhNmptvCp35gr89gBsKuViTWutrUMLA3augxPn86rSEoRpBOhT4RRABI9wAAflzwUVsN9DVwXsYZIHNf9QEacEmgQu/dqtbn1vph04H2Ughy+XzmX7xpCAXtrFNuUr0JI68t9+SzwjtFNGVkEbGaNCsEZJCBiCLPpRPxIwP8A+e5YYvqi7FGZmqtKs7FmFDrZY1yH5YbJL2EJzb2de4VLHm1XWaaMnwkVYHXC59IXcUJI9K5iF1BljpHMbGmQkcxy2INY5fl+K5yZ2SNzGy7g2RJZBpR71yA5nDJ2a4JnQxR5UmdlfvcvMytIsbfjVr+9/L6b49AycaHPi5LQZWtvs7obHflex/Zx7E2aziQ5PKsaa9a6iLFg7j8vyx7D0lRK9MEZ5bUH/fAznHIvxGDEXijYD8P6YDRtpcBuTWp67nbFUuiSALdt1PSqwB4si0ZGIULW/LwqTt8bPxrBfixZI5mH/gddQ66WOxHxwN4BllzmagSVtEAmV2YUeXIH4n88Tyn7FuNasF5rhlIkrQsqPp0RhlDEncuRXUdMVe0HDBl3MaMstBGJBD+FkDKQw25V098dZ+kjK5WN4kS7KHwqbAYEaWJ9r2+OOSzoyOtCzHqTT17sfdN+1V8sTO7KcbtAvh/EpYJElhdklU+F12IPljp8/wBIOffhcD61Es0+YieRUCvpVY6I8vvHescxMLSyOIY2YhXZggLEKoLM1dNgd/TDZDHXB8vY8a5jNt/l0RUTt6H8sesY0mBM3M7MIhqZpDuObO+5Fn3PsN/XBDgOXVkDOQF13Y+/SitAPr54CZHNGMyyVcpjZUJ3ZdZCs/vpLD01XzGD3ZeDUg5lQx1enoB73vhOTofgiuVBwcLkUiRJCq9yJ9LVJEENHRrYEaqO4u/lhn7OCTMJMljvWQFLFWym6r59cC84YxEEhU+I292Qo9B5/pWDXYWLTICDV2ATtZrY3hCdtHTgpY4yp77KOTyebd1jM0iGQTuIxUS/ZGmVmANb9LwY7XcMlzGVgcMY83BZgLVqkbSD3OodSA1eorrgyqxvIzhdLFqkXkCy3RI+JwP+kKQ/8Ol0lVKFXLMSG0jwjT67/wDxO+GKOiPM5NfMc9zXHdSZMS+E5XvXjWrsBo5Y09ua+lVvV4WuI6szJNNIFaWaRndjR+8SdvTpy6Yq8QzLMS51HVtqo6Sq8vz3+OK/1jZdhqN15+X64KEaRHomEEaHSCzagQEW2Jc8gDhhzHGI4oooFy8LPGj651jKvrbfQHUi6rdr9BsN6+VyqwRlpl8Ugbx6q0kjdQf4qPP4Yg4N2Y725CszwEtoGrQ9bhTpv4/DluLasTbAc6Rdy/bKPSI5YpWiIYPEuYkaifxorXpb1BHrY2JLh3ZWCUKuUlLlmB1TIFkViL0kAk+e/I1tW5wJPZaWCQeAujC1GmNJlU8iwZkv3vpuMOXAuxWdKpLYaCtXcpIi5l1YbaqJAFXtrPTlywXBgOaRr2e7EOwYMjyxanBKOsTtIdtWqjSjyB9euDp7CPlws+VadJEomBmMrHfdgem1bYbchmpoYgFyrhFVQqKAGutz/rtjfOdp0iy8krqY5EFd2w8WroNicFFNOooVLJfZy7tVxWSMKHUxxtI7xxFypGw303fU49hP43m2nnld2LFnLWx3HoB09sYx0VHRJZ1DhE1ZjR/GGHx5gYi4tkfHY8wdtzsfLGvaXJNDMHjbSbV0H3T6H5g/L1xNxri0cwR4lKPoHenkDIR4hXpvv68sKk9gRjoH9qI4oH1oRIuby2mVL1CNiAf1+Iws9mou4DTCidXg1AMAADTV7/0xdniaQlFtnYkgcyT1/LG31LNOAsMI7sEo80g0RIwANEddjhNUyhPVEOhsxKEeRUZ3JM0pCou27E9NsSScM4eCPrebUkNpVoEZmoCwx9PXFPPcAlVl1usoN7j7q1z22rAjNZNVJP8ATf1wudjcaCvEOI8NJWTJasjIhKd4WJMp3JkK3fw8zjTic6nJLDGW7vvHaV3UCV30r4iNqF8h8cJ+cjOoEAbdas/AYKRZR2gUAMw1MQWN70MIenZZCDa0Uvqq2KBrqeZJsV+mGHgsoBoCth6fphdnys62fEPQeIbYxwniEgmQHq1HaumBk00PhFwlZ0LTq2F2cGOzcQ379vsySpCt4gK2bUDt7euFkSWNr/qMNXZ2KR61sNPolvyrdrA/LE8VvZ1opOL/AC9hsy0MdloyCrEcjqWvPCt22qWRcsWKR6EMp5+EOG06etgV/mw2ZKMCkXl7UBjnHaXhWcbMzNpDK0h0t3iDwDlte3thyo5+RSlpA7OSxxQmCFI50k0pbhu8jI8LMQQACKrY8xgxwTsZkIZomllEhdVYO3/arfUB5eV49lOzzSIolKow5FBqNb2Dy8+eLZ7FPo8E5NXSstJ+p/TBwnFEk/Fy1YK7SdnDBmFkkTvotdo4N5dV1eEfKr25k1hz7PSRZhXkkUI6aAkMOkIWoAsALPlhEk41muHymGWnjYDVC9Mjx/ynp7jlixDxOPvDNl2OgqFCfcljHKm8/f8ATcCiNP3Jpwa0zrkqwTJomQK9EBeThBZDA+2KnDCgQd2rDRYbkrc+ZPxGBHA+Pd/C8RYfWYkJpiCsiab5+fPbGuU4kArRG2ietWjaUNuaJ+e3541QdCJSoZ4eIkg6NBezaa/EFHWsct+kDjaTznutkUKH/mk5kkenL4YxxviiozLAzMd1MrbEDrQs/PCwRfX4+uKcOHi+QuTtAjNAEn3OMYlzAonrucew9gKJ0DtBnJJj4jf8PlXOr+OKHByxcxgFiytsNzSiyf35YsGJpGWNQWY7ADngrwzIPlM1DMapd22rwsCrD3q8Jnpa7Mij2S4L3JE7E6o2Vgu4LDqvxG2GbMOGJhUDu81D3kPo4GoL+RHxGN+1kAJDqdpFG/MHyrAbIM5yzAGpcjKJo9VWYGux8wfmBhD2lIOK3QGzEWqMqGOu60HkCD1/vhG40wDMFN6eZH3T+7/LDJ2s4uWkJRe6V7Y0dyzDfCVnns0OteuMyPRThg2zfg2T7xtTfdB2HS8dL4ZwqLQodQ3pyq/LCXwZQun0/XDhBnl28wMczK22fR+NgSjsp8c4Eq+OMEr5dVPUX/XC02SFg0L1DcgX88dDTMBtjuDz9sVTwuMsQQSG8vCR5YC2HLBYtx5E2CAQa/d4buzcLoNTlQOiqNz6k4wMiLrptWCOTirpjyuwXDjHsKwy6Sarffz2wAzsbGVz0O4HudsFUNc/W/7Yqu1sSev6YbJWgMK4ybK2WU9eeC2Xl6YHlKONg/zGAj8ozIuaB3bfgi5qCwB3sdmI9f5k+IxyiDKlGNWrelij7Y7dM2oY5/2kyCpmGK7a6Zh/Oef9/jinE/mo53lYvk5ID5KSRGU3bb6uo5YIycbkKmLSEWPYkWSxbxWT6AgViGJKI28/XfHhFvIfNh6ckXHQjGjjyaYOlz61yJPXbHoM3qDeGv1xloBZPIb40y8YCe9+9csOi3Yt0U5N787N/wBMexIwsnHsazEztfZ3hccPgkUGZ9y9WRR+4D8OeJO0+VLpYFaCdQ8xRJ/T8sZzcxSQEcudbXvvvgoNJC9Awvfz/d4mladgRdgzhuYXMZIpzaAhWF76eh+X6YR+K5mSOYrZCsjROPNCQym/cDDT2fk7nPywsfDMrKB6jdT8rGF7tVBplOxW75++xGBXbX6jl3YmcZY++knSetHfC7A+t9Xl0630/TBvj0woexB89uWBPCISfMlmO3XnWEZGdHxYpu2G8kdhg7wnh2YzT1l0L6fvNssa+mrz9OeN+D8CXYyBnbY9ym7afU4dspxeZwIEQZRdgixqUFeerp8MKWBvsty/EFBcce2CoOD5mKu8iYjfxJ9ovzF4uqlny/I3gzDLOmkmy2qiQwmDUaujv+eCeUzpk12id4qEx2KtwDtv8OuMfjUKj8TlVNAEQHawQdqvbbbfEx8IvG3DeLidCJlIkhdYp9gHjYsVWT2NbjpiPjmWaPbnfI9KwGSHEdhzrM+L0UHzRJIvrifLrvgckDA2b3/XBCBqof7YCNl80lHRaeP5YG5xtLD97Hrg0G29PmKwD7Wv3UDTDmNKgdCzOoH79MbOPuT48iT2QzcVWNd936L198LGfYuxZtySf9sUYJSxskknmTuScXCL9sLU6aYU0pporLzA98akbt/i/oP98ekcK63sf3zxCM2pZhyom+VGuo+WOzGa0fMSg02iPMVTe2NAoC7entsMRfWFZqX+Lf4Yyp/X4YdFi2qKjGj74zjMuTZ912HW9hePY1s8qOxcRckBvzHnvd4tcEzWpKboTXnRB/0wOB6Ls3iJ6hkPpikmZ0Psdw3t+WAlHVCoMs9o7izEc4oFHGrqbFfltij22YM6SLvFLErRn1LMWU+u+CXH51kiTTTOa8I+8WPKvzGBPEcqQEidi0ifgSjHETuVvqfb2wriNUqEJ+zmaz0pjy6ikppZHYIiL/ET8Dt6YMcM4THD4Yz3hTYzsNGp/wARVegvkedb7XWGrIERQSRL4e9dWcjrQrTilHky7hUKb3deFQo5kn2GMWKnbGRzv7KCPYyfRMV06y45/i1KbG+DvFs6gV9DCiCvTUvmOe3+mAHDZDCxdSL0kenqB+l4uRdwQrPEtnl4nI+O+NcNnlMIZdBGsbRyFgyg6j4QLI8RHxA5YsZ3jq5aK7WVvEQOQ1dW9K5f1xZyroVUsigFe7QC6K7bV5bD5Y1gzMTO8MkKkeGiI1bmNyefzwqX5BKSOf5DtGLclWkeR3ZygFHUbo/PDFw/PPIQSjKBy1spN+VAnADtLw/u5JDEAojdhtQ8IbYnFfhHFmJXxgi6J5UOt4kzQad+x2PF8iM4ca2PUq6hZAH543yec7o/dUgkXY3C9awMXPEVTc/njb6xuMApoplh5Li+hoE0bC3RdJOzpbKL5XsCvxHxxz/6Q5dbtClhEUgi7HeHm36D4YYm4skS3dNRAA5nCVnmNnewbPxJvD48Jakc2eHLidxehZhmqr5/lfXF6Oe65HAxz4mHkf13vG0Mxv8AdViWcUmdDHO0mGBk0k+9qv08saPwGC1NychseXrjXL5k7YkzHEgo1MVVRzJ2GLvHacNnI8yEo5ddMjj4VCpJAY4m7qNRekWL+WF7MdrUN934j7UMCpu0kxJ2FeWKlNexI4SkMmcmuq+V1j2FCTtA5/Dv74xjeYHBnf5spyYMTzptga8rwPnySoxMgcggldLFVYX50cSMXQlGDAgmudWNjR8jgicwsqBGA01tV61IB3r5fPByJU2AMs5EokRe6RDsGYyMzDre3yAx7jXFiQ0vdpqJXcWrEnmav3xZGUZTatqvkpBBvyvC7x/Mlq0rpZPvrzvyPw3+eAca2Og+Tpg3O8dY1+H0Bs+14cjkBBlQ7+HMZkKWG9rDzVK96v2rphc7J8MTMOczMoWCEkgnZWdfTrXM/LG3bLtRqclPETYjXrX8WFt29socV0jM/HI4W0M1k3VDUQPUY3h7TZSjqlp/w0GYV6iv0xzWadizWSztd9RZ6DBLIZHu01NuzA/AY9GTk/wGLFGO2dLk+kzJRhB3c8jxpQ7sKIyxre2I9eh58/MHnPpVnB1RZaGNjYDSs88h8iFGkD988JOanUGkGpvnvjMUGk6nIMp6c9IwtbDUIljifGM5m9bzytrerSILElCuYUC+XXFPhWckyzWm9EEht1sYvqfDpX7zfi60T/vjGcyirGaFsNyeZxrx8lobCddB/hva2Sd9PdkuKJ07gLy1Hy9/XBDP8ZljNMhDdDsVr0OOe5LiDwyLJH4XFg+qnmp9CMPXCu0CzIFYK38jVqvE3oxY6fl5o9dEKcd1klvvdb543Oc1Yr8e4TFeuHUjEWV9b6enL54WhxMo2l6DWR6E4x46G4vK59jLNADvsb+eIPqlcj5e2IcvmyQPLbFsZodSBy9cBKNlBEVKr69PK/XCpxDOtKaflZ8P4bwzZrMWKBwoSRHUxuzZ/XDMCol8pJpFOTKG9Ue3pjMc4PhcFW29ji/APX4YzmcsrDfnipR+hA2Dp4h8Nv0x7EsmUdfunUPXnjON2Do+iWbXyDMdv4W2PWtvnjC6hyJFmtqCk+XP+mOSZfieYha4pXHoTqFeVHBFu2uYCgMqMQQbFq3sP30xS3RD6MvY6oj6xRBWvxXqaz8MCs9GuZZYdAaz/wBwNo0UfExr0vCrk/pCjMDIwkWQk8xfhrleF/ifbabS8cJ0K6lXbbWy+V4CTVaCx452Hu2vG4Iqgy5pI6GxFSMBRavnvjnWazxY3dsfLoP4Rg52b45w5IZBnstJmcwXJhkXlp06lVvEPxAA7cm+GCXF+J8HaKUwZd0lZ1aCoVhZI9S2hbvG6B9wBer0xM37FsVxF7hsISmYiz05nG+azhbwqeeGleJcGdGjZJQzt4ZY4irxRjTSkazqatW/n0OL5n4HqEiwSx646aMglY3AYhh4jZJ0j/L643lrikbe7YjxIIgXarPLzs4rZfUzdbJOHjNcS4GzkGKbuyslk6tSsGULpF9V1Gq6gAjnhPy8ukAVZ6nrj1r9A48n0gnk4wGUHn19ugxBxHOhQUF2dW/QDyx7vfEp67/ID/bFR1Bk3FmifTpjMnkqMHx9irF4WSeSEHrl0BJGN0Ls+WJIJuRBKsKqrBv36YIZbLqjg34vEaojaj1xFNw02WUhVNE3uaO5OI/8qHKn0dD/AMjO8XJU3dUWE4pMebsf8zX+uBOffVd8zfrvfPF4ZfRQdiLalqjf82N5FRUJ0BiJCFB3FnkTgpeTH7uwIfCsm3NqNf8AewIy/EXTayw8ieWCcPFFPWj5HbG+YjUBloM7Dc1+I8zf9MBZoSuDxv1FdCPKx/481Dlb/oZhnF03YJ6e+BzDUTgbkm5D3wVgB64dCNEWXI5GTFQ2q8TRx6h64ww2xFk3IJHn+uHp7JpMkZaG+M4knNgY9g6Fcjc5jVy2/viKd9vljxcAYr5jNLy9MbJ/KFEjkYb4pWSfXGdDE9QPyxchQKD1JvfnhI26IoctpotucZqzy/fpiRj++lYzCLPrgWeTbZLkogNz+xibN5jYKP7Y1kiYKduW55E/LFfuXsWu5+7uOeB9bH0pFL8LyFtwf7FvKqAdR8wq/wCI88b5VaLem2NV1BVAFtZJ+6K3q/XkcTIu52oH26450rySmk+/9H0uKMfFx4ZuL+W3LT+8t/tr8jKpuPRT875jGrUCSQBXI/i9cSAkHe628sUs09XYbU+yDYjn6Y2eH2crv2/szD5zbTWLjxV2/wAV8vtv8OtmO/oKx3JDjzbnt+tYjkzDOrCiAVA3O4rcnG0OVbqPzBxKYDQFYcsXj9tr9yGfk/EHHjGEkvfT+lFfMZhvvADn4bAJHLFSSZmNdCdRA2GrleCT5c1W97YqPk3vZd/deXzwaWCPTRNkfn5L5Rn+zLCTg8xv57i/WsVcyln0xumVk8j8wd/gcbOh5MNJ+e2G45Y/sxZL5MPJ+3li/wA6opRR4vJy8qxoAMbavyrDqImye9sViKPriRWvGpOCSAs8MxeM4hrbHsMoCkWHS73xC0I674lQ88bogP73xj6CRAF6DGpTn1xNMKGI1O+FsIxq5fs4lyhog9P6YwQDvyxqXG9ch88A1emHCThJSXaLfeKpZwb2NLyN/sYymbUsd/DsVO/3hzxc4HwP61FJIJ8vB3badEzMjsdBbUAAdue/nt1xNF2Qkb6v/wBRlEOZ16Q8jju9Iu38J02Kr3vbEsvExvbZ2IfG88FUIpK79+/cGxv97UR0AvcVv0xIjCtiLscrAwXl7FzrJDCcxkWOY1hZBmCY0Krq8Z07WNVCjupxjK9iZ2lEQzGSDGLvQxnYJp1adN6bu+ldLvGvx4cuSdAR+L5VDhKKkt/X3/UFNMuwJBu/yIrFLNThihuiGN9SBe39MMQ7GTEyfb5QGKUxG5XpmAJ1L4T4aB3P9cbSfRzmmAYTZEA6eeY0ncgDYr/TGLxsalythT+NZp4/T4qtfX2qv6/kC6gb3Hut7/DGTINa77Bd/fBGDstPp1K0L/8AVfVQqOdRlutW4FL5MT1Hni9D2IzLlqfKxmNtLh5lXS2297gjzo4NeLj41YMvjOVy5KKXX8OwGh2HTeyP0xBrVWJtRakbWRZIwcTs5KUVu8y4VpzAGMjKA4dk1HbZbBN+2NM72QlSKSYy5UpFr1BZHMpKIWal0i+RAPK8BLw8e9jI/Hs+ritb9xaWRVmU6lqjekEC66+uIEfc+pPyvbBninZPMxRPOxy7QoLLpmIXJF1st2TZ5VgHljeKMWKMXaIfJ8yWaPFqld/uWQfnjzt88SBef7OInTfD2QnkbnzxuG+OMIv9cbf2x5AshdvLHseceX98ewZ4nDc+mDXBuHwSxu8uZXKsrMAXVnjZAgO1D724FX1wuO2xwU4D2szGUiaGMQvFKwlZZY+8qSgLBsEchgZXRsVYcy/ZvKNKFfPKY3jWRJI0JYHXpZWXflzOK+V7O5Z2k/6wKqTSKjMmkvAhZe/AqgLCAb/iPQYqjtdOqiYJBrXMTMPA1XKhLD711fIXWIeI9uMxOuiVMsbBTUsbRsFICHYMBfM7jr5AAKakM4hDKcAgfNSwNmgIVNRT6GHeJqAL0RXU9fwnGf8AgEEWZOnNQOIQkimQqIpDrKlCL8gDX82IJPpDzbxd0UywRijHTG6nUBsb1fkcel7b5hnjnaLKFo4AqqYfs9JLWDvdeI7XRoWDQwNM9xGXMcfjy0QiQ8OzGkxpFNpBUqzhy7AWQFJIO24FViXgeay8cWt5OHM+ZVJ2E+lniea9UIB/hpbv+K+Qwrt2xkaSBvq2RUwSGRQsDKhbQdiNXLcmhW4GLnB+00gfL5WSHKZiMd3EGnh7yURqqgLdi+V7jmcerRtBPgi5UyzQytw144+90SzNp1awGYAgi6LMAfly2nz/AAbJZgQKsvCsubJkKuSQF20k3W4O3tgLxTtCe5Sstkl7iWKdNMBDd5HmDsW1XR0KCAd/0znO3eYkjKtFlvttpGCzBj4bsfaUNydgAPTAmBfIvl5vrGV18NhjV5H+tvSOxZ5B3a35WSBfIKeuCOebLR9yP/o8neOE1+BtKNGzF29gALq7asL0PbrMJ3IEWVqIvQ7twG01Wqm36n4nptgflu2MsIZBl8lIs0rs4ky9g25crQIFX0ONPF7iyZcQZdEGTkZSsZnX7OYoEsFlsm6AB25nng7DBl4JAhbh+Z7+FbkHd6Y+6Ret/i3+RwrjtbOcvFlisPdwEFGAkWQ6NLAEhgOYG9X0BFnFniXbfMTQPl2iygjey2mHe1K1sSQeQ5jfBboxoYeLZ7Lo0WXVOGTGRGVsygVdGqtyOV79T+Hz2xBxPL5XLpBKJeGTmIwJ3UahmciZSJGN+u58l588AI+28tNWWyAYsSX7hizazbA21H5YqRds5odZEOTZSZWEbwXGve2zhQCKB5VfIkYGjwxRNBHL3cZ4ZO07SMdYUQQqSZBUm/8AhAu+WBi9nIsw8sz53KIwknjES6ESo3pQtEXqBsGuh3wKPa+UypMsOViZVYKIo3jj53ZXVufe8ScQ7Yzyyd6UgVo2DaY0dI2ZJEK2ur/9a8q5nzx5WjWi3lOzcUhnrNRIISojL0omurKknkL54iz3ZyFe5CZyCSSQOZEsARlYywUm+pAA9SMWcz25zDusrR5fXEGZDocC3Pi217g+XyrFSftPMVmBSC3m+sO/d1IZD9pp1X93YDSPM9d8M+ZmcTKdmkCK7ZlFV9hatatoLb/EBfc4j472a+qQpKcxDN3hoJEG1V/GT72L9MacQ7a5pzoPdBTpdqj+8yurqTZPVR8zijxrtTmM6FE/dkhlJZE0EkKALF10HIY2KlZjige0g+OPYgfmcew0E//Z)',NULL),(23,'nextmovienightmovies','![](data:image/jpeg;base64,/9j/4AAQSkZJRgABAQAAAQABAAD/2wCEAAkGBxITEhUTEhMVFRUXFxYYFxUXFRgVFxcXFxUXFxcVFRcYHSggGB0lHRUWITEhJSkrLi4uFx8zODMtNygtLisBCgoKDg0OGg8QGi8dHR0tLS0tLS0tLS0tLi0rLSstLSswLSstLS0tLSsrLS0tLSsrLS0tLS0rNS0tLS0tLS0tLf/AABEIAREAuAMBIgACEQEDEQH/xAAcAAACAwEBAQEAAAAAAAAAAAABAgADBAUGBwj/xAA8EAABAwIEAwYEAwYGAwAAAAABAAIRAyEEEjFBBVFhBiJxgZHwE6Gx0RQywQcjM0Lh8SVDUmJyghU0kv/EABgBAQEBAQEAAAAAAAAAAAAAAAABAgME/8QAIBEBAAMBAAIDAQEBAAAAAAAAAAECERIDEyExQVHwIv/aAAwDAQACEQMRAD8A+RT0SOqD2U6yvddA5eOvr/RK53j6/wBFWSgSgjoUBHP5f1QlKEGhjuqIPVUBEFBobqu5wpokSvPMetFLHuboUH1jgRZ+VzhMAEH9F6HCVg1wg878rWK+N4LtC8EHku7/AOYqupZhNuRMi0fqo1r7XhcSwskvAG5LgAPP7rw/bLHUQSBXpuIGzw4+sr5LiOIYiucoLnchNlsxXZzFUaYquFN7dw2o17hzkC6qDx82N5tYrhBnzE+/e62VKrXM7trGRM7Kim3QePy0RGWU2ZK7VByCw1OSjXKmUwKC4FB5SscoSgV7lFBzUQa3grNUELRUKz1GdUFZcohCAQMUsKKICpCLUzW+/JACF1sJhWuyTWABjMIkgSNBuddlz6FME3XWwlLKJESN7Sg5+LwZpuMXGx6ea+odleENqcLcY77ntA8IiV854niC4gL6z2LoPZwsNdZxeHDq0XsfFJWHkuN9lxh3NLHVXUo7+RmZ7HkCCb6EmbWggLzVTCUg0/Dr1KlYkZWtDxAvM5hc6adb8vt/D8UKrJi43+/RV1vhAS8tHgYn0TTl8hx3AalKg6pUiY230v0XBa65/wCwHibfSV9A7f8AFabqZpsIgW+a+dU9j1KEkxDd1SVqrCx8VlKIVEKEKBA82QCCIQAlFAhFBscJ2Wd7VqcqKrEFDlWriqnIJKZqVFqB3FOLBIQmeLIFD1vwtcmy5pVtB8INOLrd62y9hwv9odSlQNPI090ATNoOo6rwkElel4DwQirRdXacjz4CNiToiw+gdjuOteA/I5lOpZsju/EFntB5TcDr0VHbBx1++vRdtz6Qw/wsoa0XbaIdeHDlp5rw/GuIzPPT0so08jxOoTMrHh7iFo4kVkwz4KrC6qJWQrU52qzPQIooVEECYJQjKB2hRBrkEGk1UrnpHNSud0Hz+6BSQlUty+qBQRO1JKZqByFoyd3y+ipbdX5u6fD6oMbzdRpUrapQUF9IEnUBdjDYVrmhrsWWt/05SYPQZo5Lh0xJXe4fgsM5vfD83R0BFE16rO4zFZ27NMx5CTCr/FF13a/qo/DNbobLE+pBtcoiriFWTCzMKNYXShBcXKt6koIAgmckQGVJUUQEKItUQX1Gqlw+i1VWj39VS8IKIUhO9IgEIgIlCUDByta+yoCcoFqaqtO4pUDMctFPEkLKFawILamKcbK6jTytk6qmjTursW+BCDHU5qAWUKs2QVkoBQhQIIQgmlSEChFSEWoGYFEzQogtquus539+9E73CbKtxQAlAFREICkKYpUDhXFtuqpVzLhBmclTVEqCBX0lUxq20cPaUFmHas2LN1tpvA1WLGOkoKQVYdFUmDkCohR6hKCFRSUEBRCgTAIC1BWBqiCuFWrXqooIEUJU2KAFykpVEFjU5MBVByIQA3TBqelTlXU6Yn7D3CCpjU5d1WnFYcNA1Pyj9Vnq07AoDQc7aPfitRw8iwvyWegCL5iPIFaqWKInO3MDo4HL+uX+yDFUpLO5sLrYmky2U+Rt8jcLPVoIOeSmCL2QlBQEBFAFEICEzUqOZBYCiq8yiBg+0ESqSne1IgkJXpmpSUCqKKICAnCACYILGDZbcNhHEkNHUnWAsNEXXWweJc2m/KLu7ulyOSDPiGEGDtsTN/CLLPXdfwXQwvDXuMkeOysfwskwBJ6IMOHqsNnfb5ro0cM0OjVrptrtPrZJX7NVg3MBJico1hZ+GViJaZt6iD+hug3v4SDZrpbtrIPv3ostBp77HRmbtzjcEcvot1TFRBBs6JjSQNY8b+BvrbkisW1QXDf34g/QoBiKIMxtt0XMe2F6qvhGZQ4AgAx4jVs+UiehXC4hhspPLUeHuUGJMClTBBMyk3UhQhAQVE1NqiBFCoQlQQpSmSlAEWBBOEEViWmFYBdA1Jq9z2c4a1lLM8S86SNJ3XluG0gXAnQbcyvd8IIcAD0+SLDfT4e2Lje8eZsVYOG02iGNubz5X8N11KNMR4KYf8wJ2UaN2e4a3O0u5j0nXlsvnHbTCNpY6saYGVzg6ALQfzCPGfVfYKdERIt5r532+4aQ4VCLEmT43VSXgnPMFu0mCs9QZm/7m25yNv19FudSmW7i7esEW9JVVFuWoZG0+h0PmCjLVRxRaxpvBBYehZ3mnw7/ANVRjaocPfILbXpAUHDcXt0vPouGXIM7hCgKaoJuq0DgopQni6CxjuaiVqiCuUEFEEKCKCAQiVAEUFtMKymLpGaIh0FB1sIYhek4bi4XlcNi2gXC14fiLRa6LD6NhOJgiJ8JWxmKAvzXg+H4ubDyW7EY9zKc3nZF17+nxACAP7rHxrDirTcbG1x05r51U7U1wIBDesSfUrEOM13OzfFM85Q6V8TwTqNVzDylp5t3R4tRDajnDTunyeAfqSlx2Nc8tz3IkTvDhcKjHVwYjemwO/5MtPnAPmiOm8A09bZHH0LWT6zryC81iqcG2i6dOufhReNZ/wDmR5Fk+Z5rk1HH7oisFLKKjkAlWOeNh85KrTtagtoNJKi04amDz+iiDnwgiVEEhAooIIoESo0IL6YVLtVoiGzz9/ZUNag1YbCPfOUTAJIEaDXXVGrh3MgkGDoSOWvzXR4VSdoI8wD9QtnGaJiXOzGI8BsByVRg4JjMtRq+84/h1J2CpD4bM72AkwJgi3yMr884Npztjmv0TwvEirQpZoDgxvyCjcPlfF+yFRpDiWtBkwSA7XYH6rkUOyb6jw1jm9SXtgdQc3e0sAJ+q+08WwjMSzK4DM38p20EgxsbXXK4XwD4ZE0oIPIVGjS4mQFYlJq+K4/h76NRzMweGnUGR67pXstPh9vsvov7T+DZA2sDrYxovn2CqCYOmnyURXgiA4scYa4d08j/AF0WPFMyuI29+/Ra8XTgkcvc+l1mrVM0E68+vuEGdFwG8+SZjbJayBARsPUymaTa/vrzSAqxuiDRRd5TZRCkDsggzKKKSgkIBM0IwgWE9MKQrcO1AMSYgcgkpIV3S4o0kHoeC4qCAQDdX9o8QNAuXhHQJWfHVi4oG4dVy1ASvseH7X4SjQoyHAt/O4kQZ2HuV8Rbqvof7POCDEOd8fNkpwCIuA8bEiGmJvrBKNRL3PD+KMqxVoh4pPu3MIggw4DmJB+i9JQqWvC1VqOEFFrKZY1lNoDRIAa0DSfuuNTxrJLJuADBkS0mA4A6ixuovUfUuJ+0WhnwrraXXxWg256EL7j2srN/C1BrIML4XUfDnRyVSzZiWZ2Bw1FvEbeevk1cddE4mWkixIB8CLz75rBWdJJ6oyeibH3sqqy0Uqatw9ES4xMbG8IOaE7AvRu4fTfgn1nNAqMqsAc2AXU3w0seBaxgh2tyL7X8E4C3FtfTZRYx2UllRtR8hzZMPa9xaWnS0EaibghwsNWA20+viijguHVngllKo8DUtpvMRsYFiogwupwrcLlm/kkzoOKC2vGyFGjmBupmEIUXweiAOCsaC0SRZWV3NIsq6eaMuysRMjMSi1yvGETjAdVr12Z7h0eD8HxOIH7mkXAGMxc2myToM9Qhs9JWninY3H0abq1XDkU2xme2pSqATFz8N5tcX0uuNVw1RkFpdA3BIgzr0XteFdr8bSwNWtTY0H4rWurw053OAzCrTPdqS0RnIB2krM1mPiTr+PE4Ovke17dWkEWm4MgwvccM7TcTLjVotdNRwDzlY1j3bZi6G76ri08CKlFuKcKVLPULS1jg2dzVFPSm0ToDFrALficEySwY+lUYCD+6dUMxcGXMa1pBAMA8rqxSZ+j2RGtfGuNOpveHhprA3YJNIToQCB1tzDlzm8ertxNF+Ie0dxsgASykS54aQIAJDswm4DmnkFhqMZQIf3sS46Bwa2mIM98Mc5ztBYFvjqFThqrnVHV6rKr6pIM/ADmzuQ2wBFtvRZ4t1kvPHir3Pk+5n9/349X2i4zmpQDIcAeUgiRPqvntR1yehXpsRTq1mhznObM911KDrF49VxK/Cng6z/1IXX03zcd/dSZ+2LDu1HMJCtQ4bUF4VTsG/kszS0fi91/p6dRWYLEAOJI1CpZTeNQnqv0hpt4LOS1sNmaqaNRzRNMFmeDdve7pI5TbxIW3gDa7jUfSiGscXNzlpcA0nuRq6xIHQ7Ss2B41UoAin+VwyvY5oc1w1hwPVZsNxSpTn4ZyAkEtEEd12ZoGaTb6aypkmtXCeN16DxVo1CHa9L3NtDPhuouMCVEw1GtVoYEzQEXhdMZ0oYrAwckWBXtatRVibKWt6K5jVdTozKuZTFhIXaKOU3VNtsi0ztZaBQVb6UG3votzEw59Q0UMm7QfEBbqDqYbAYwTE90babdT6rn06Vlpw1O6dJNddbBsDhADWtEF7y05WAkNBdlaTEuAsN16PA4Wk5ju46Q5pEFpktYc1MPy92TmNxoGm+/n+HvDc0szF0RLnNgggz3SJXtqDS+iajmixpuc4yWENJOVrOYcRA59Fz8nlxqnhiXmse11F2Vw3gEAwSIkAkCYn3IWQV0eKklzo/Lne5ut8x/NfeAOWiwNcdNF2pfXC/hiGiriAuZiat5T4ipC59Z63NivjxZVrAj+iyPTxulzLM/LpHwz1Fnd4LRXKzPeuFneqt4SOCeUm65TLrEEaFEwaosqZsQlcUkqSmri2mVc1yzApw5WJZmG+idPor2uN7aa208fRTsxVIxuFgkH8TQuLf5zAu6cQ3LxbI6rmyd/MRlP+IUGnS51IvsStx5MYnx64jHk7E+AKNMx3cp/VdPszi4wnEC5z2tDcLeme9JxECJICyYvEOOKBJqXfTLHPP7w0+78AuI/mNP4fVb9jHrOKwFi2PUK7C1Qf5CfVdftTiJbjcpc9reIOFQPk/AIfX+GabQTDahL2lxI/htbFwVRwbEsGCJe6q1n4ulPwvzQaNSYvyHyC5zbW4pjq8Ix1FvdexxB1AdqQbW1IFzC9zR7R4UYX4Zo7yWzBInWdd18y7NYip/5KiKhIqHEtzzY5i/vTGhkmQt2A4g52ErmoTAdSFIun+IXHO1hP+yZA5NnZcL010pOOpxriWHcIpsOW385IG4EFuoJPqV5mvWaZhp+qsxOKcOH6mPxgGpj/wBcn9EvZ/iVRzMS3O6KeCr5QCQB++puJ8ZcbrpT/mPhm0bLn4ms0jS6w1Ko5K2nVdiKw+I4nNeo+5Ip02TUedyQxhPWOq29qqgrUqGLaWunNh6pY1zWipRh1Id9oP8AAfTbp/lFdunPhyTVsTlPjFvGVmzkmwk9BP0Xrey+I/cYMGq9n+IVwyHFrHO+DgiynUdfIxzrE5XRmJheapcWrYbFGuwClVZUeTTiGtOY56Lm/wCjVpbyU9jXrZHzExbnFvVUVDHRej7UMbRqHDUszaAyVhTL3GXVqNOqM3PI17aYOvdJ1cV5isZXOba3FcKmaqwUc9vfVZ1oxPVRKXyUE1SSogiCs6okpmlBMrqYdlYtIc1xa4XBBIIPMEXCZuMqd794/v8A5++7v/8AO/e13VBenZRJvIHmmmL8Pi3skMe9oOoa9zZjnBumOLfmzl7i+QcxcS6RYHMbyLJGsAvA9US0chvunRw00qlR+cmq6XZWul5l8zGe/eAjUzFldRrVKbQG1i0EuJDXuAGUTPdOpGlpKwCCJAHqizLyHqnRy6TWPYXP+K3MCSXCoc5JGYkEXJMxM3MhPWe85S6qHSLS8uI7ocZ1j7rlADl8/JGROm3NOjl1Kwf/AAviyySYDpbYTmLZgHTXdJQa9v5awYHHK7LUI6d4CJH3WB5HIeqjgOQ9VNXk73vpOOV5aYiWOLZB2MQfEdFR+JflyZ3ZJnJmOWeeWYnqoQI0Hr0QDRyHrzWumeEfinZQzO7KDIbmOUHmBMA9Ujq7nOzOcXOJklxJJ8SblPlHIeqodSIEyPVOoXlrr4t7zL3OeYiXOLjHKSdOiyPKXN1SlQM6ENvX9EuZMDHkoo0zsiiwXQQUpwiAlKgaVClRlAEWug6A+IRaUYQN8S8wP08UDiDpZAhI4IatOKPIeiX8SeQ9/wB1WJQIRdXfiTGg5INxDuh6lVZbeaYaQhphiCNgmGJMzAlUwgdETVpxJ6e4+ySpXJEW/sq4QhU1YHeHomKrCcICmhDIYnZBQSEXaotF0hKCykb3USsUQFuih3UUQKNUwUUQBidRRAWqsaoqIAUTooogm3mfoEu497qKIC7dVFRRAW/ofoh7+qiiCNVzVFEE2RcoognLyVbNVFEBoqKKIP/Z)',NULL),(24,'switchonline','Yes',NULL),(25,'uJVsQxkzfTWxyPaK','Scrappy Sucks',NULL);
/*!40000 ALTER TABLE `fd_slot` ENABLE KEYS */;
UNLOCK TABLES;

--
-- Table structure for table `fd_vote`
--

DROP TABLE IF EXISTS `fd_vote`;
/*!40101 SET @saved_cs_client     = @@character_set_client */;
/*!40101 SET character_set_client = utf8 */;
CREATE TABLE `fd_vote` (
  `id` int(11) unsigned NOT NULL AUTO_INCREMENT,
  `uniqId` char(16) NOT NULL,
  `poll_id` varchar(64) NOT NULL,
  `name` varchar(64) NOT NULL,
  `choices` text NOT NULL,
  PRIMARY KEY (`id`),
  KEY `poll_id` (`poll_id`),
  KEY `uniqId` (`uniqId`)
) ENGINE=InnoDB AUTO_INCREMENT=32 DEFAULT CHARSET=utf8;
/*!40101 SET character_set_client = @saved_cs_client */;

--
-- Dumping data for table `fd_vote`
--

LOCK TABLES `fd_vote` WRITE;
/*!40000 ALTER TABLE `fd_vote` DISABLE KEYS */;
INSERT INTO `fd_vote` VALUES (2,'s6RYH3qNAddeN8Sq','splatterflix','donnie','112211112210212111121121122111111111'),(3,'MfWCIEthv3zVRrpI','splatterflix','wes','111211112111100000000000000001111111'),(4,'ZLqi9egXOTXxLDgI','nextmovienightSepOct2018','donnie','222222012222'),(9,'ryrIxEPgOvW7HUm8','nextmovienightmovies','donnie','2201'),(13,'mjURhrDKNZQgFIMG','splatterflix','Tarl','102111112211212111211112120000000000'),(14,'iCligJG958LQWJ79','switchonline','donnie','0'),(15,'1O2MxefoskJLO7VI','switchonline','alexd','2'),(16,'u4nk7xxWtfAXJxiP','switchonline','Vishnu','2'),(17,'cpxzlbSJPv59mxa3','switchonline','Chad','2'),(18,'4IOpSQr6dfbwf2Wf','switchonline','Yow','2'),(19,'nFprlxIFOYOC5ADx','switchonline','Jeremy','2'),(20,'AjoI3zVfgRPKSwNG','switchonline','vladimir','1'),(21,'wFIi8xBSm4JfpCmH','uJVsQxkzfTWxyPaK','donnie','2'),(22,'FUmwg1obb41RBPQk','uJVsQxkzfTWxyPaK','JH','2'),(23,'BsAIbZnfCzX9z4pM','uJVsQxkzfTWxyPaK','Every sane human ever','2'),(24,'f53QBBvB3fEeEf46','uJVsQxkzfTWxyPaK','Was Clafton','0'),(25,'K6jnMRgtw9f2e1Od','uJVsQxkzfTWxyPaK','alexd','2'),(26,'DmBxOQZqA7QxBAim','uJVsQxkzfTWxyPaK','Beto O\'Rourke, future POTUS saint','2'),(27,'OHGS4q4KKXIaOEJZ','uJVsQxkzfTWxyPaK','Donald Trump','0'),(28,'KjZKdFPtvNuFl8uF','uJVsQxkzfTWxyPaK','Ted Cruz','0'),(29,'SuxwXFO7y7QkfaP5','uJVsQxkzfTWxyPaK','ScoobyDoo','0'),(30,'ejK9LqIGby5L7j1g','uJVsQxkzfTWxyPaK','The Babadook','0'),(31,'d3gVc8HLMm2a6loo','splatterflix','Moe','111111111111111111111111111111111111');
/*!40000 ALTER TABLE `fd_vote` ENABLE KEYS */;
UNLOCK TABLES;
/*!40103 SET TIME_ZONE=@OLD_TIME_ZONE */;

/*!40101 SET SQL_MODE=@OLD_SQL_MODE */;
/*!40014 SET FOREIGN_KEY_CHECKS=@OLD_FOREIGN_KEY_CHECKS */;
/*!40014 SET UNIQUE_CHECKS=@OLD_UNIQUE_CHECKS */;
/*!40101 SET CHARACTER_SET_CLIENT=@OLD_CHARACTER_SET_CLIENT */;
/*!40101 SET CHARACTER_SET_RESULTS=@OLD_CHARACTER_SET_RESULTS */;
/*!40101 SET COLLATION_CONNECTION=@OLD_COLLATION_CONNECTION */;
/*!40111 SET SQL_NOTES=@OLD_SQL_NOTES */;

-- Dump completed on 2019-01-09 15:25:54
